Id,Q1,Q2,Q3,Q4_1,Q4_2,Q4_3,Q4_4,Q4_5,Q4_6,Q4_7,Q4_8,Q5_1,Q5_2,Q5_3,Q5_4,Q5_5,Q5_6,Q5_7,Q5_8,Q5_9,Q5_10,Q5_11,Q5_12,Q6,Q7,Q8,Q9,Q10,Q11,Q12,Q13,Q14,Q15_1,Q15_2,Q15_3,Q15_4,Q16_1,Q16_2,Q16_3,Q16_4,Q16_5,Q16_6,Q16_7,Q16_8,Q16_9,Q16_10,Q16_11,Q16_12,Q16_13,Q16_14,Q16_15,Q16_16,Q16_17,Q16_18,Q16_19,Q16_20,Q16_21,Q16_22,Q17,Q18,Q19,Q20,Q21,Q22,Q23,Q24,Q25,Q26,FromUrl,IsIpDuplicate,IsCookieDuplicate,IsOver
1,7,4,10,1,1,1,1,1,1,1,1,6,6,6,6,6,6,4,6,6,6,6,4,5,5,1,,1,3,6,2,9,1,1,1,1,3,2,5,3,5,2,5,5,5,4,5,1,1,4,1,1,1,5,5,5,4,5,1,1978-11-09,7,1,3,10,7,2,1,1,,0,0,1
4,2,6,9,4,3,3,4,4,4,3,4,4,5,3,3,4,5,5,5,5,4,4,5,3,2,1,,1,2,3,1,11,1,1,1,1,2,4,5,4,2,2,4,4,3,2,4,1,1,4,3,4,2,4,4,4,2,2,2,1973-06-07,8,3,3,10,6,4,1,,,0,0,0
5,5,4,8,2,2,3,2,3,3,3,2,4,6,5,4,4,5,6,6,3,3,3,3,1,8,2,2,2,,,,,,,,,,,,,,,,,,,,,,,,,,,,,,,1,1978-06-07,7,1,6,5,11,5,1,1,,0,0,1
6,3,3,100,2,2,1,2,4,3,1,1,6,5,6,6,5,6,4,6,6,6,5,6,8,9,2,1,1,2,2,1,1,,,,,1,5,4,4,2,2,3,3,5,2,3,2,3,4,2,2,1,5,5,4,5,3,1,1980-09-07,8,2,2,11,2,1,1,1,,0,0,1
7,4,5,10,3,4,4,3,3,3,3,4,3,4,4,3,4,4,5,6,4,5,4,6,,,,,,,,,,,,,,,,,,,,,,,,,,,,,,,,,,,,,,,,,,,,,,,0,0,0
8,3,2,10,4,3,3,2,4,4,3,3,3,3,2,3,2,6,6,6,5,5,3,5,1,1,2,1,1,3,5,3,5,1,1,1,1,2,2,5,4,2,2,4,4,3,2,4,3,2,4,2,1,2,4,4,4,2,2,1,1968-11-12,8,3,13,11,5,4,1,1,,0,0,1
9,7,3,13,3,3,1,2,2,3,2,2,3,5,4,5,5,5,3,5,4,5,6,3,4,,,,,,,,,,,,,,,,,,,,,,,,,,,,,,,,,,,,,,,,,,,,,,0,0,0
10,7,5,,,,,,,,,,,,,,,,,,,,,,,,,,,,,,,,,,,,,,,,,,,,,,,,,,,,,,,,,,,,,,,,,,,,0,10,0
11,7,2,4,2,2,1,1,3,3,2,3,3,6,5,5,4,6,6,6,5,6,4,3,4,6,1,,1,4,6,2,2,1,2,1,1,1,4,4,5,1,4,2,5,4,1,5,4,1,5,1,1,1,5,5,5,1,1,1,1963-12-27,7,3,2,11,6,3,1,1,,0,0,1
12,9,1,13,,,,,,,,,,,,,,,,,,,,,,,,,,,,,,,,,,,,,,,,,,,,,,,,,,,,,,,,,,,,,,,,,,,0,0,0
13,7,4,100,3,2,2,1,3,3,2,3,4,5,6,6,5,6,3,5,6,6,4,5,4,6,1,,1,3,6,4,3,2,2,1,1,2,4,4,4,3,1,5,3,3,2,4,1,1,3,1,1,1,4,4,4,3,1,1,1978-10-01,7,1,6,11,5,3,1,1,,0,0,1
14,2,6,5,1,1,3,1,3,3,3,3,4,4,4,3,4,6,4,5,4,4,4,5,4,6,1,,1,1,4,1,1,,,,,1,4,5,4,1,1,5,5,4,1,5,1,3,4,4,1,1,5,5,5,3,1,1,1978-02-02,8,5,3,11,1,1,1,1,,0,0,1
15,9,2,10,1,3,2,2,2,3,3,2,4,5,5,5,4,5,5,5,6,4,5,6,,,,,,,,,,,,,,,,,,,,,,,,,,,,,,,,,,,,,,,,,,,,,,,0,0,0
16,9,2,4,3,2,3,2,3,3,2,2,4,6,4,6,3,5,5,5,4,4,4,5,4,8,2,1,1,1,1,,,,,,,,,,,,,,,,,,,,,,,,,,,,,2,1975-09-01,7,3,6,9,6,2,1,1,,0,0,1
17,7,5,30,1,1,1,1,1,1,4,4,3,5,6,6,4,6,1,3,6,5,6,5,4,6,1,,1,2,6,3,1,,,,,1,5,2,2,1,1,2,4,4,2,5,2,1,5,1,1,1,5,5,5,4,4,1,1977-08-09,7,2,3,10,5,4,1,1,,0,0,1
18,9,5,1,1,1,1,1,1,2,3,2,4,4,4,6,6,6,6,6,6,5,5,6,1,1,2,2,2,,,,,,,,,,,,,,,,,,,,,,,,,,,,,,,2,1969-09-08,8,2,1,5,5,4,1,,,0,0,0
19,7,3,30,3,3,3,3,3,3,3,3,5,5,5,6,5,5,6,5,5,4,5,5,8,9,1,,1,2,6,2,2,2,1,1,1,1,5,5,5,4,1,5,5,5,1,5,1,1,5,1,1,1,5,5,5,1,1,1,1977-09-24,8,3,3,8,6,5,1,1,,0,0,1
20,2,2,0,4,2,3,3,3,2,3,4,3,5,2,5,3,6,6,5,6,3,4,2,9,2,2,2,2,,,,,,,,,,,,,,,,,,,,,,,,,,,,,,,1,1983-10-25,7,4,10,8,6,3,1,1,,0,0,1
21,9,1,0,2,2,3,1,1,2,1,2,6,6,6,4,6,6,6,6,5,4,5,4,8,1,2,2,2,,,,,,,,,,,,,,,,,,,,,,,,,,,,,,,1,1980-07-31,7,3,3,6,5,3,1,1,,0,0,1
22,7,3,30,1,3,3,1,1,1,1,3,4,6,6,6,6,6,6,6,6,4,6,6,6,10,1,,1,3,6,3,1,,,,,1,4,5,5,1,1,5,5,5,1,5,1,1,5,5,1,1,5,5,5,5,5,1,1972-10-29,7,4,6,10,6,4,1,1,,0,0,1
23,3,3,50,3,1,2,1,3,2,2,2,6,6,5,6,4,6,4,6,4,5,6,6,4,6,2,1,1,2,3,1,1,,,,,2,3,4,3,4,4,3,5,5,3,4,2,2,4,5,5,2,5,3,4,5,4,1,1977-10-31,7,2,3,10,6,3,1,1,,0,0,1
24,7,2,180,3,1,1,1,3,2,2,2,5,5,4,6,2,6,1,5,6,4,4,4,4,6,1,,1,2,6,3,6,2,2,1,1,1,5,2,5,2,1,4,5,4,2,5,1,1,4,1,1,1,5,5,5,1,2,1,1968-06-21,7,3,2,11,6,3,1,1,,0,10,1
25,3,1,4,4,3,3,3,4,3,3,3,5,5,3,5,4,3,5,6,3,4,5,4,6,3,1,,1,3,5,1,1,,,,,1,4,5,4,1,2,3,2,5,1,5,2,1,5,3,1,1,4,4,4,3,4,1,1963-09-27,8,3,3,12,6,3,1,1,,0,0,1
26,9,1,1,3,2,3,4,2,2,2,2,5,6,6,6,4,6,6,4,5,5,3,4,8,8,2,1,1,1,2,1,1,,,,,1,4,4,4,4,1,5,5,3,1,4,1,2,5,5,5,5,5,5,4,4,5,1,1980-02-11,7,2,3,6,6,5,1,1,,0,0,1
27,11,2,,,,,,,,,,,,,,,,,,,,,,,,,,,,,,,,,,,,,,,,,,,,,,,,,,,,,,,,,,,,,,,,,,,,0,0,0
28,2,4,6,3,2,2,2,3,4,2,2,5,6,5,6,5,6,6,6,5,6,5,5,8,4,2,2,2,,,,,,,,,,,,,,,,,,,,,,,,,,,,,,,2,1971-06-19,8,4,2,10,11,5,1,1,,0,0,1
29,7,4,15,2,2,2,1,2,1,3,2,4,5,3,6,4,6,4,3,6,6,5,6,4,6,1,,1,4,6,3,2,1,1,1,1,2,2,3,3,2,3,2,4,3,4,2,4,1,3,2,2,1,5,4,2,3,3,1,1962-08-14,8,4,2,10,6,5,1,1,,0,0,1
30,3,,,,,,,,,,,,,,,,,,,,,,,,,,,,,,,,,,,,,,,,,,,,,,,,,,,,,,,,,,,,,,,,,,,,,218.247.206.250,30,0
31,3,4,30,3,2,3,3,3,3,3,2,4,5,6,2,3,4,2,4,5,4,5,5,2,2,2,1,2,,,,,,,,,,,,,,,,,,,,,,,,,,,,,,,2,1977-07-04,7,4,2,8,6,3,1,1,,218.247.206.250,30,1
32,7,4,30,3,2,3,2,3,2,2,3,4,6,5,4,5,5,4,4,5,5,4,5,7,8,1,,1,3,6,2,2,2,1,1,1,1,4,4,4,4,1,5,5,2,1,4,1,1,5,1,2,2,5,5,5,2,2,2,1962-04-20,7,4,2,10,6,3,1,1,,0,0,1
33,7,3,0,3,2,3,2,2,2,2,3,4,6,6,5,5,6,6,5,6,5,5,6,4,6,1,,1,4,6,3,1,,,,,2,2,2,4,1,1,5,4,5,2,4,1,1,5,1,1,1,5,5,4,3,4,2,1973-03-26,6,2,13,8,6,3,1,1,,0,0,1
34,1,5,3,4,2,1,1,3,4,1,3,4,6,5,4,5,6,5,6,6,6,4,5,3,4,2,1,2,,,,,,,,,,,,,,,,,,,,,,,,,,,,,,,2,1980-03-30,7,3,5,10,6,5,1,1,,0,0,1
35,7,2,2,1,2,2,1,1,2,1,1,6,6,5,6,5,4,4,5,5,5,5,5,5,8,1,,1,4,5,2,2,1,1,1,1,1,5,4,4,2,2,4,4,5,2,4,1,1,5,4,2,2,4,5,5,3,1,1,1976-06-15,7,2,6,9,3,1,1,1,,0,0,1
36,7,5,50,3,2,2,1,1,1,2,3,1,5,5,6,2,4,4,4,4,4,2,2,6,3,1,,1,4,6,2,11,4,1,1,1,1,2,4,5,3,2,3,4,2,2,4,2,3,5,4,3,3,4,4,4,2,2,2,1976-04-16,7,1,3,10,10,5,1,1,,0,0,1
37,1,6,2,3,2,2,2,3,3,2,2,4,6,4,5,4,4,4,5,5,6,4,5,8,6,2,2,1,1,2,1,1,,,,,4,4,4,4,2,2,4,4,4,2,4,2,2,4,4,3,3,4,4,4,5,1,1,1981-05-23,6,3,13,10,10,5,1,1,,0,0,1
38,7,3,0,4,3,2,3,3,2,4,3,4,4,5,5,4,6,5,5,4,3,5,4,4,6,1,,1,4,6,3,12,2,2,1,1,1,2,3,5,4,5,2,5,4,2,5,5,1,5,2,1,1,4,5,4,4,2,1,1965-04-17,8,3,3,11,5,4,1,1,,0,0,1
39,9,4,,,,,,,,,,,,,,,,,,,,,,,,,,,,,,,,,,,,,,,,,,,,,,,,,,,,,,,,,,,,,,,,,,,,61.149.37.28,39,0
40,7,3,30,2,1,1,1,1,1,1,3,4,6,3,3,3,6,5,5,4,5,4,3,7,8,1,,1,4,4,3,12,2,1,1,1,1,4,4,5,2,2,4,4,2,2,4,1,1,5,1,5,1,5,4,5,1,2,1,1973-08-09,6,4,3,8,6,3,1,1,,61.149.37.28,39,1
41,7,3,35,4,2,1,2,2,2,1,3,5,6,5,6,5,6,4,5,5,4,6,6,4,6,1,,1,4,6,2,1,,,,,1,5,2,5,2,5,5,2,5,1,5,1,1,5,1,1,1,5,5,3,1,1,1,1959-11-12,7,4,2,11,6,3,1,1,,202.108.178.13,0,1
42,9,6,16,1,4,3,2,4,1,1,1,6,6,5,2,5,6,4,6,4,5,5,2,6,3,1,,2,,,,,,,,,,,,,,,,,,,,,,,,,,,,,,,1,1974-06-01,7,2,13,10,10,5,1,1,,0,0,1
43,7,3,20,3,3,3,3,3,3,3,3,4,6,6,6,5,5,5,6,5,4,5,5,7,2,1,,1,4,6,2,1,,,,,1,4,5,4,3,1,5,3,4,1,4,1,1,4,4,3,2,4,5,5,4,2,1,1961-12-01,6,4,4,9,13,5,1,1,,0,0,1
44,4,4,6,2,4,3,1,3,4,3,3,3,1,4,6,3,6,5,4,4,4,2,3,3,4,2,2,2,,,,,,,,,,,,,,,,,,,,,,,,,,,,,,,1,1977-10-01,7,2,3,10,3,1,1,1,,202.108.178.13,0,1
45,5,2,6,1,1,2,2,2,2,3,2,6,6,6,6,6,6,6,4,6,6,4,4,8,8,2,2,1,4,3,1,1,,,,,2,4,5,4,4,2,4,5,5,2,4,2,2,4,3,3,4,4,4,4,3,2,1,1960-01-01,7,1,2,11,1,1,1,1,,202.108.178.13,0,1
46,10,,,,,,,,,,,,,,,,,,,,,,,,,,,,,,,,,,,,,,,,,,,,,,,,,,,,,,,,,,,,,,,,,,,,,202.204.34.185,0,0
47,2,3,5,2,2,2,3,3,3,3,3,5,6,3,6,3,5,3,4,5,3,3,5,2,2,1,,1,4,5,4,12,2,1,1,1,1,4,5,5,4,1,5,4,5,1,5,1,1,4,2,1,1,4,5,5,1,2,1,1959-10-09,6,3,2,10,6,3,1,1,,202.204.34.185,0,1
48,7,4,0,3,2,1,1,1,1,2,3,4,6,5,6,5,6,4,6,6,4,5,5,6,3,1,,1,4,6,3,12,1,2,1,1,1,5,4,5,1,1,5,3,3,1,5,1,1,5,3,1,1,5,5,4,1,1,1,1957-10-01,7,3,2,12,6,2,1,1,,0,0,1
49,9,4,0,3,2,1,3,1,1,2,2,4,6,4,6,5,5,4,6,6,4,6,6,5,5,1,,1,4,5,2,12,1,1,1,1,1,1,2,5,2,2,4,1,5,1,5,4,1,5,1,1,1,5,5,2,2,1,1,1958-02-04,6,3,2,7,5,3,1,1,,0,0,1
50,7,4,,,,,,,,,,,,,,,,,,,,,,,,,,,,,,,,,,,,,,,,,,,,,,,,,,,,,,,,,,,,,,,,,,,,0,0,0
51,4,5,18,2,2,2,2,2,2,2,2,4,4,4,5,4,5,4,4,5,6,5,4,4,6,2,1,1,2,4,2,7,2,2,1,1,2,2,4,4,2,2,4,4,3,2,4,2,2,4,2,4,2,4,4,4,4,2,1,1974-01-14,7,1,3,10,10,5,1,1,,0,0,1
52,1,1,0,4,2,4,3,2,2,3,1,4,5,4,5,5,4,4,6,4,4,4,4,6,3,1,,1,2,4,2,5,2,1,1,1,3,5,4,3,4,2,5,2,4,1,5,1,1,3,3,3,2,4,5,4,2,2,1,1981-05-06,8,3,10,3,10,5,1,1,,0,0,1
53,2,4,5,3,2,1,1,2,2,1,1,6,6,5,3,6,5,4,4,4,5,5,6,7,8,2,2,1,2,3,2,2,2,1,1,1,1,4,5,5,2,1,4,4,5,2,4,1,2,5,5,4,3,5,5,5,1,1,1,1965-01-03,7,2,3,10,6,3,1,1,,0,0,1
54,7,3,15,4,2,2,3,2,2,2,3,3,6,5,5,6,5,2,5,5,4,5,6,4,6,1,,1,4,6,3,1,,,,,1,5,5,5,1,1,5,5,2,1,5,1,1,4,2,1,1,5,5,5,1,1,1,1972-11-02,5,3,8,7,6,5,1,1,,0,0,1
55,2,3,6,3,3,3,2,2,2,2,2,,,,,,,,,,,,,,,,,,,,,,,,,,,,,,,,,,,,,,,,,,,,,,,,,,,,,,,,,,,0,0,0
56,7,3,25,4,3,1,2,3,4,2,2,4,6,4,5,3,6,3,4,5,4,2,4,4,6,1,,1,2,6,3,12,2,1,1,1,1,5,1,5,1,1,4,1,5,4,5,1,1,5,1,1,1,5,5,5,3,3,,,,,,,,,,,,0,0,0
57,11,2,30,2,2,2,1,1,2,2,3,4,5,5,6,4,5,1,3,5,5,5,5,6,3,2,2,1,4,6,2,1,,,,,1,4,3,5,2,1,4,3,3,1,5,1,1,5,1,1,1,5,5,3,2,2,2,1957-01-01,8,3,13,12,6,2,1,1,,0,0,1
58,7,2,3,2,2,4,3,2,3,1,3,3,5,5,5,5,4,5,6,4,5,3,6,,,,,,,,,,,,,,,,,,,,,,,,,,,,,,,,,,,,,,,,,,,,,,,0,0,0
59,7,2,,,,,,,,,,,,,,,,,,,,,,,,,,,,,,,,,,,,,,,,,,,,,,,,,,,,,,,,,,,,,,,,,,,,0,0,0
60,3,3,70,2,1,1,1,3,3,2,2,5,5,4,5,4,5,6,6,5,5,5,2,4,6,1,,1,2,2,1,12,1,1,1,1,1,1,1,1,3,2,5,5,3,1,5,1,2,5,5,5,4,5,5,5,3,2,2,1963-03-22,8,2,2,10,6,3,1,1,,0,0,1
61,2,2,5,5,3,3,1,5,4,2,1,6,4,4,6,2,6,1,5,5,5,5,1,8,8,2,2,1,1,3,1,1,,,,,2,3,5,5,4,2,5,4,1,4,4,1,1,5,3,3,1,5,5,5,4,3,1,1972-08-08,7,1,3,9,6,5,1,1,,0,0,1
62,7,4,10,2,2,2,2,3,3,2,1,6,5,4,6,4,5,5,6,4,5,4,5,4,6,1,,1,4,5,2,10,2,1,1,1,1,4,5,5,1,1,4,2,5,2,5,1,1,2,1,1,1,5,5,5,2,3,1,1973-06-20,6,4,6,5,5,4,1,1,,0,0,1
63,7,2,25,2,2,2,1,1,2,1,1,6,5,6,6,6,6,3,5,6,5,5,4,7,8,1,,1,3,6,2,2,1,2,1,1,1,5,5,5,1,1,5,5,5,1,5,1,1,5,1,1,1,5,5,5,1,1,1,1975-11-06,6,3,2,8,2,2,1,1,,0,0,1
64,7,2,10,3,2,1,3,2,3,2,3,6,6,5,5,3,3,4,4,5,3,4,3,2,4,1,,1,3,6,1,1,,,,,1,4,4,5,3,1,5,4,3,1,1,1,1,4,4,2,3,5,5,5,3,1,1,1970-07-13,6,3,3,10,10,5,1,1,,0,0,1
65,7,4,10,3,3,3,3,3,3,1,2,5,6,6,6,5,5,4,3,5,4,5,6,6,7,1,,1,1,5,2,1,,,,,1,4,5,5,2,1,5,2,4,2,4,1,1,5,2,1,1,5,5,5,1,2,1,1965-10-27,7,3,3,10,6,2,1,1,,0,0,1
66,7,3,50,3,3,3,3,3,3,3,4,4,6,5,5,4,4,4,4,4,4,4,5,9,10,1,,1,4,6,4,1,,,,,1,4,2,5,3,5,4,3,3,1,4,2,2,5,1,1,1,5,5,3,2,2,1,1957-06-26,7,2,2,11,6,2,1,1,,0,0,1
67,7,1,,,,,,,,,,,,,,,,,,,,,,,,,,,,,,,,,,,,,,,,,,,,,,,,,,,,,,,,,,,,,,,,,,,,0,0,0
68,9,2,1,1,2,2,1,3,2,2,2,5,5,5,6,5,6,4,5,5,4,6,5,4,6,2,1,2,,,,,,,,,,,,,,,,,,,,,,,,,,,,,,,1,1978-07-05,7,2,11,4,1,1,1,1,,0,0,1
69,2,3,2,2,2,3,1,3,3,2,3,4,5,5,4,4,5,6,4,4,4,5,4,1,1,2,2,2,,,,,,,,,,,,,,,,,,,,,,,,,,,,,,,1,1974-05-06,8,5,2,2,6,3,1,1,,0,0,1
70,11,4,3,3,3,3,3,3,3,2,2,6,6,4,6,5,4,6,5,5,3,3,6,1,1,2,1,1,2,6,1,10,2,1,1,1,4,2,5,5,2,5,1,5,4,5,5,5,2,4,1,1,1,5,5,5,5,5,1,1984-12-17,6,3,10,5,8,5,1,1,,0,0,1
71,2,5,3,4,3,3,3,4,2,3,2,5,5,4,5,3,5,5,5,4,4,4,5,1,4,2,2,1,1,3,1,1,,,,,1,5,5,4,1,1,5,4,5,1,5,1,1,5,5,4,2,5,5,5,4,1,1,1977-06-11,6,2,6,9,7,4,1,1,,0,0,1
72,2,2,4,4,4,1,2,4,4,4,4,3,5,3,5,3,5,5,4,5,6,4,4,3,4,2,2,1,1,3,1,1,,,,,1,4,5,5,2,2,4,4,2,2,3,2,2,4,3,2,2,4,4,4,4,2,1,1975-11-05,8,1,1,8,5,3,1,1,,0,0,1
73,7,3,20,3,2,3,4,2,2,2,3,4,6,6,6,4,4,5,5,6,4,5,5,4,8,1,,1,4,6,2,2,2,1,1,1,1,3,3,4,3,2,5,3,4,3,5,1,1,3,2,3,1,2,4,4,2,4,1,1978-12-26,7,4,2,10,8,5,1,1,,0,0,1
74,7,2,10,3,2,3,2,1,1,1,3,4,5,6,6,6,6,1,6,5,5,5,6,6,6,1,,1,3,5,2,7,2,1,1,1,2,4,5,5,4,1,5,2,2,2,5,1,1,4,2,2,1,2,1,1,4,4,1,1961-03-23,6,2,2,9,9,5,1,1,,0,0,1
75,4,4,1,1,1,1,1,1,1,1,1,6,6,6,6,6,6,6,6,6,6,6,6,1,1,2,1,2,,,,,,,,,,,,,,,,,,,,,,,,,,,,,,,1,1957-01-20,8,2,1,10,5,3,1,1,,0,0,1
76,2,2,4,3,3,3,3,3,3,3,3,5,5,5,5,5,5,5,5,5,5,5,5,2,2,1,,1,4,6,4,1,,,,,1,4,4,4,4,2,4,4,4,2,4,2,2,4,2,2,2,4,4,4,4,2,1,1964-02-14,7,3,2,9,6,3,1,1,,219.238.227.162,0,1
77,6,2,10,3,3,4,3,3,3,4,4,4,5,6,6,6,6,4,5,4,5,6,6,6,6,2,2,2,,,,,,,,,,,,,,,,,,,,,,,,,,,,,,,1,1979-11-28,5,2,6,4,5,3,1,1,,0,0,1
78,7,5,400,3,3,1,1,2,2,2,3,4,6,5,4,4,5,5,5,6,6,5,6,4,8,1,,1,1,6,2,2,2,1,1,1,1,1,1,5,4,2,4,2,3,2,4,1,1,4,2,2,2,4,4,4,4,3,1,1974-03-13,8,2,3,8,6,4,1,1,,0,0,1
79,7,3,10,3,4,3,2,2,3,2,3,4,6,6,6,3,6,6,6,4,6,6,6,1,4,1,,1,4,5,1,1,,,,,2,4,4,4,4,2,4,3,4,4,4,1,1,3,3,1,1,4,4,4,5,1,1,1970-06-02,7,3,13,3,12,5,1,1,,0,0,1
80,7,3,45,4,2,2,3,4,4,2,3,4,5,6,5,5,5,3,6,5,5,4,6,2,7,1,,1,2,6,1,1,,,,,1,4,5,4,4,1,5,5,5,1,5,1,1,5,5,2,2,5,5,5,2,3,1,1965-11-17,7,4,9,10,6,5,1,1,,0,0,1
81,7,5,20,2,2,2,2,1,2,2,2,4,5,4,6,5,5,6,5,5,3,5,4,1,4,1,,1,3,6,2,2,2,1,1,1,2,2,3,4,4,4,2,4,3,2,3,4,1,4,2,2,2,4,2,3,3,2,1,1972-12-13,8,2,3,11,6,5,1,1,,0,0,1
82,2,2,2,3,3,1,3,3,3,1,3,3,5,4,4,3,5,5,6,5,5,4,4,3,4,2,2,1,1,2,1,1,,,,,3,2,4,2,1,1,4,5,5,3,4,1,1,4,3,2,2,4,4,4,4,3,2,1984-09-13,7,3,10,12,7,3,,,,0,0,0
83,7,4,50,1,2,1,1,2,1,2,2,6,5,4,6,3,6,5,5,4,5,4,4,4,1,1,,1,2,6,1,7,1,1,1,1,1,3,4,4,3,3,3,4,5,3,4,2,2,2,3,3,3,4,4,3,3,1,1,1980-10-18,9,1,10,12,2,1,1,1,,0,0,1
84,7,1,20,1,1,1,1,1,1,1,1,6,6,5,6,5,5,6,6,6,5,6,6,8,1,1,,1,2,6,2,1,,,,,5,5,5,5,1,1,5,5,5,1,5,1,1,5,5,1,1,5,5,5,1,1,1,1965-09-02,7,3,2,6,9,5,1,1,,0,0,1
85,1,4,2,3,3,2,3,3,3,3,3,4,5,2,4,2,5,5,4,4,4,4,4,1,4,1,,1,2,1,,,,,,,,,,,,,,,,,,,,,,,,,,,,,2,1964-09-03,9,2,3,11,5,3,1,1,,0,0,1
86,7,3,5,2,3,3,2,2,2,1,3,4,6,6,6,3,5,4,3,6,3,4,3,4,2,1,,1,3,6,4,2,2,1,1,1,2,4,4,5,3,1,4,4,5,4,4,2,1,4,1,1,1,5,5,5,3,4,1,1979-10-18,6,3,6,6,8,5,1,1,,0,0,1
87,7,3,10,3,3,3,3,2,1,1,2,4,6,6,6,4,5,5,5,5,3,4,4,3,4,1,,1,2,6,1,3,1,1,1,1,1,5,5,5,1,1,5,5,4,3,5,2,1,5,1,4,1,5,5,5,3,1,1,1974-04-02,7,1,3,9,6,5,1,1,,0,0,1
88,2,4,5,2,1,2,2,3,3,4,3,3,2,2,2,2,6,6,5,2,2,3,5,1,4,2,2,2,,,,,,,,,,,,,,,,,,,,,,,,,,,,,,,1,1982-10-04,7,3,1,6,9,5,1,1,,210.73.68.117,0,1
89,7,1,0,2,2,1,1,2,2,2,2,5,6,6,6,6,6,5,6,6,6,6,6,4,6,1,,1,4,5,2,2,1,1,1,1,2,4,4,4,3,2,4,4,4,2,4,2,2,4,3,2,2,1,1,4,3,3,1,1972-01-20,8,5,2,8,7,5,1,1,,0,0,1
90,9,2,0,2,2,2,2,2,3,2,2,5,5,5,6,3,5,4,3,5,4,4,4,4,6,1,,1,3,4,2,2,1,1,1,1,1,4,4,4,2,2,5,4,5,2,5,1,1,4,1,1,1,5,4,4,2,2,1,1980-01-01,7,3,3,10,6,3,1,1,,0,0,1
91,4,4,14,1,1,1,1,1,1,3,3,5,4,2,6,2,6,6,6,6,5,6,2,3,4,2,2,2,,,,,,,,,,,,,,,,,,,,,,,,,,,,,,,1,1974-12-12,9,10,2,11,10,5,1,1,,61.149.215.246,0,1
92,7,3,8,1,1,1,1,2,1,1,3,4,5,6,3,6,6,6,6,5,4,5,3,4,6,,,,,,,,,,,,,,,,,,,,,,,,,,,,,,,,,,,,,,,,,,,,,61.149.215.246,0,0
93,7,3,50,3,3,2,3,3,3,3,3,4,5,6,6,4,4,5,4,5,4,5,6,8,8,1,,1,4,6,3,2,2,2,1,1,3,4,3,4,3,2,3,4,5,3,4,1,1,4,3,3,2,5,4,5,3,3,1,1975-10-28,7,3,13,7,6,3,1,1,,0,0,1
94,7,2,0,4,4,2,3,3,3,3,4,4,6,6,6,5,4,5,6,5,5,6,5,7,2,1,,1,4,6,3,1,,,,,2,3,4,4,4,4,3,4,4,2,4,3,2,4,2,3,3,4,4,4,3,2,1,1963-05-21,6,3,7,6,6,2,1,1,,0,0,1
95,7,5,20,3,1,3,2,2,1,2,1,4,6,4,5,4,6,4,4,5,4,5,3,4,4,1,,1,4,6,4,3,2,2,1,1,1,5,1,3,4,4,2,5,5,3,5,3,1,5,1,1,1,5,5,3,3,3,1,1978-02-15,6,3,6,11,5,4,1,1,,0,0,1
96,4,1,6,3,3,3,2,1,3,1,3,3,5,4,6,4,5,5,5,3,2,5,2,4,6,2,1,1,3,4,2,9,1,1,1,1,2,3,4,4,1,2,4,4,4,3,4,4,2,4,3,3,3,3,3,3,3,4,1,1975-01-05,8,2,2,10,5,4,1,1,,0,0,1
97,2,4,6,,,,,,,,,,,,,,,,,,,,,,,,,,,,,,,,,,,,,,,,,,,,,,,,,,,,,,,,,,,,,,,,,,,0,0,0
98,7,5,0,2,3,3,3,3,3,2,3,4,5,5,6,6,5,4,5,5,4,3,5,3,2,1,,1,2,6,2,3,2,1,1,1,1,4,4,4,2,2,4,4,4,2,4,2,2,5,1,2,1,5,5,5,2,2,1,1978-03-11,8,4,3,11,4,1,1,1,,211.100.14.14,0,1
99,7,1,5,2,2,2,2,2,2,2,2,5,5,5,5,5,5,5,5,6,4,5,5,4,7,1,,1,3,5,2,12,2,1,1,1,1,4,4,4,2,2,4,2,4,2,4,3,2,4,2,2,2,4,4,4,2,2,1,1969-02-07,9,3,3,11,6,3,1,1,,0,0,1
100,7,5,20,1,1,1,1,1,1,1,1,6,6,6,6,6,6,6,5,6,5,6,2,8,7,1,,1,4,5,2,3,2,1,1,1,2,5,3,5,3,1,5,5,5,1,5,1,1,5,2,2,2,5,5,5,2,2,1,1971-12-03,7,5,2,11,5,5,1,1,,0,0,1
101,7,5,15,3,2,3,2,3,2,1,1,6,6,5,5,3,6,4,6,6,4,4,5,8,3,,,,,,,,,,,,,,,,,,,,,,,,,,,,,,,,,,,,,,,,,,,,,202.108.207.162,101,0
102,7,4,10,3,3,2,3,2,3,1,2,5,6,6,6,5,5,5,5,4,4,4,6,9,4,1,,1,4,6,2,2,1,1,1,1,1,4,5,5,2,1,5,5,5,2,4,1,1,4,1,1,1,5,5,5,4,2,2,1972-10-22,6,3,6,10,5,3,1,1,,0,0,1
103,7,2,5,2,1,1,2,3,3,2,3,4,6,4,2,5,6,5,5,6,6,4,5,7,7,1,,1,4,6,3,1,,,,,1,4,4,5,3,2,4,2,5,4,4,1,1,4,1,1,1,4,5,4,2,3,1,1970-11-04,7,5,4,10,1,1,1,1,,0,0,1
104,7,2,30,1,2,3,3,1,3,1,1,5,6,6,6,6,4,6,5,4,5,5,6,7,7,1,,1,2,6,2,2,2,1,1,1,2,2,4,4,2,4,2,4,5,1,2,3,1,3,2,2,2,4,4,3,2,3,2,1982-02-01,6,3,13,10,2,1,1,1,,0,0,1
105,1,2,5,4,4,3,3,3,3,1,1,5,5,4,5,3,6,2,5,3,3,5,5,8,9,2,1,1,3,6,3,7,2,1,1,1,1,5,4,4,2,2,4,5,5,1,2,1,1,4,1,1,1,5,4,4,2,2,1,1977-07-17,5,2,6,7,5,4,1,1,,0,0,1
106,2,5,6,3,2,2,3,3,2,2,3,4,4,4,1,4,4,4,4,4,4,4,5,3,4,2,2,2,,,,,,,,,,,,,,,,,,,,,,,,,,,,,,,,,,,,,,,,,,0,0,0
107,7,5,15,4,1,2,1,1,3,2,3,5,6,4,5,4,6,4,5,2,4,5,4,4,4,1,,1,3,6,1,2,2,1,1,1,1,4,5,4,2,1,4,2,4,1,5,1,1,4,2,1,1,5,5,5,1,1,1,1971-01-28,8,3,2,10,10,5,1,1,,0,0,1
108,7,5,15,,,,,,,,,,,,,,,,,,,,,,,,,,,,,,,,,,,,,,,,,,,,,,,,,,,,,,,,,,,,,,,,,,,202.108.207.162,101,0
109,1,3,1,2,2,2,2,3,3,5,4,2,3,2,6,4,6,4,4,3,5,5,2,4,6,1,,2,,,,,,,,,,,,,,,,,,,,,,,,,,,,,,,1,1982-05-09,7,8,10,10,6,2,1,1,,0,0,1
110,7,2,4,2,2,2,4,1,3,1,2,4,6,6,5,4,4,6,5,3,5,3,5,8,4,1,,1,3,6,3,1,,,,,1,3,1,4,3,1,4,5,3,2,4,1,1,3,1,1,1,5,4,4,3,3,1,1980-09-27,6,3,13,7,9,5,1,1,,0,0,1
111,9,2,0,2,2,2,2,1,2,1,2,6,6,6,6,6,6,5,6,5,5,6,6,8,9,2,2,1,1,3,1,1,,,,,1,5,5,5,5,1,5,1,5,1,5,1,5,5,5,5,5,5,5,5,5,1,1,1979-01-18,7,3,2,7,4,1,1,1,,0,0,1
112,2,5,4,5,5,3,5,4,3,5,3,5,4,3,6,6,6,3,3,5,3,3,5,6,3,2,2,2,,,,,,,,,,,,,,,,,,,,,,,,,,,,,,,2,1981-12-31,7,1,4,3,6,3,1,1,,0,0,1
113,2,1,0,3,3,3,3,3,3,3,3,5,5,5,2,4,6,6,5,4,4,4,3,1,4,2,2,2,,,,,,,,,,,,,,,,,,,,,,,,,,,,,,,1,1973-06-01,8,2,3,8,7,3,1,1,,0,0,1
114,3,2,35,1,1,1,1,3,1,2,3,4,6,5,4,4,6,5,5,5,4,6,5,3,2,2,1,2,,,,,,,,,,,,,,,,,,,,,,,,,,,,,,,1,1972-10-05,7,1,6,7,6,3,1,1,,0,0,1
115,7,5,15,2,1,1,1,1,1,1,3,4,6,6,6,5,6,6,6,6,5,6,5,4,3,1,,1,4,6,1,1,,,,,1,5,4,4,1,1,5,5,3,1,5,1,1,5,2,1,1,5,5,5,2,1,1,1967-10-08,8,4,2,11,6,3,1,1,,0,0,1
116,4,3,,,,,,,,,,,,,,,,,,,,,,,,,,,,,,,,,,,,,,,,,,,,,,,,,,,,,,,,,,,,,,,,,,,,211.157.118.22,116,0
117,6,,,,,,,,,,,,,,,,,,,,,,,,,,,,,,,,,,,,,,,,,,,,,,,,,,,,,,,,,,,,,,,,,,,,,211.157.118.22,116,0
118,9,,,,,,,,,,,,,,,,,,,,,,,,,,,,,,,,,,,,,,,,,,,,,,,,,,,,,,,,,,,,,,,,,,,,,211.150.235.143,118,0
119,9,3,1,1,1,1,1,1,1,5,1,6,4,6,4,5,6,6,6,6,6,6,4,1,1,2,,,,,,,,,,,,,,,,,,,,,,,,,,,,,,,,,,,,,,,,,,,,211.150.235.143,118,0
120,2,3,0,2,3,2,2,1,1,2,3,3,5,3,3,5,5,6,5,5,3,5,5,7,7,1,,2,,,,,,,,,,,,,,,,,,,,,,,,,,,,,,,2,1966-01-10,7,2,11,10,6,3,1,1,,0,0,1
121,2,6,6,2,2,3,2,1,2,1,1,6,6,4,3,4,6,6,4,3,5,6,5,1,9,2,2,1,,,,,,,,,,,,,,,,,,,,,,,,,,,,,,,,,,,,,,,,,,0,0,0
122,2,4,6,3,2,3,2,3,3,2,3,4,5,4,4,4,4,3,5,4,6,5,5,,,,,,,,,,,,,,,,,,,,,,,,,,,,,,,,,,,,,,,,,,,,,,,0,0,0
123,2,4,20,4,2,3,2,3,4,1,4,4,6,3,5,3,6,4,5,5,5,1,5,5,5,2,1,1,1,4,1,7,1,1,1,1,2,4,4,4,3,1,2,5,3,1,4,1,1,4,4,1,1,4,4,4,2,4,1,1970-12-02,7,2,6,11,5,4,1,1,,0,0,1
124,4,2,6,2,3,1,1,2,3,3,3,3,5,3,5,5,5,5,5,6,5,5,4,4,2,2,2,2,,,,,,,,,,,,,,,,,,,,,,,,,,,,,,,1,1974-02-14,7,2,3,9,2,1,1,1,,0,0,1
125,7,2,5,2,2,3,2,2,1,2,3,4,6,6,6,4,5,5,5,5,6,5,6,2,6,1,,1,2,4,2,9,2,1,1,1,2,5,5,5,3,1,4,2,5,1,5,3,1,4,3,5,1,5,5,5,5,3,2,1976-12-27,7,2,2,10,2,1,1,1,,0,0,1
126,2,4,6,3,1,1,1,3,1,2,1,6,5,6,5,6,6,5,5,6,6,6,6,4,4,2,1,2,,,,,,,,,,,,,,,,,,,,,,,,,,,,,,,1,1975-07-22,8,3,2,8,6,5,1,1,,0,0,1
130,2,4,5,4,3,3,2,2,2,2,3,4,6,5,4,4,5,6,5,5,6,5,5,3,2,2,2,,,,,,,,,,,,,,,,,,,,,,,,,,,,,,,,,,,,,,,,,,,0,0,0
131,7,4,10,3,2,2,2,2,2,2,4,3,5,6,5,4,5,4,5,5,4,5,6,4,6,1,,1,3,6,3,2,2,2,1,1,1,4,3,5,1,2,3,4,3,2,4,2,2,4,2,2,1,4,4,4,4,3,1,1975-06-01,7,2,1,8,7,3,1,1,,0,0,1
132,7,2,30,3,3,2,2,2,3,3,3,5,5,5,5,4,5,4,6,6,5,4,5,4,6,1,,1,3,6,3,3,1,1,1,1,2,4,1,4,1,1,5,4,2,4,5,1,1,4,1,1,1,5,5,4,4,4,1,1971-01-18,7,9,5,10,2,1,1,1,,0,0,1
133,3,2,5,3,3,2,3,3,3,2,2,6,6,5,6,5,5,5,6,5,6,5,6,7,7,2,2,2,,,,,,,,,,,,,,,,,,,,,,,,,,,,,,,2,1976-09-02,6,3,3,4,7,2,1,1,,202.108.178.13,0,1
134,7,4,10,3,3,1,2,3,1,3,4,3,5,4,3,4,5,4,4,5,4,4,5,6,4,1,,1,4,5,3,4,3,2,1,1,2,1,2,1,1,2,1,2,2,3,2,3,3,2,4,3,2,3,4,3,3,2,1,1964-08-11,7,3,1,6,5,3,1,1,,0,0,1
135,1,4,2,3,3,4,3,4,4,2,3,5,5,4,4,5,5,4,6,4,5,3,4,8,9,2,2,2,,,,,,,,,,,,,,,,,,,,,,,,,,,,,,,1,1979-04-30,,,,,,,,,,219.238.181.193,135,0
136,1,4,2,,,,,,,,,,,,,,,,,,,,,,,,,,,,,,,,,,,,,,,,,,,,,,,,,,,,,,,,,,,,,,,,,,,219.238.181.193,135,0
137,7,1,0,3,2,1,1,1,2,2,3,4,6,6,6,6,6,5,6,6,6,6,6,7,4,1,,1,4,5,1,12,1,1,1,1,1,5,4,5,2,2,4,5,5,1,5,2,2,5,4,2,1,5,4,5,2,2,1,1968-11-02,6,3,3,9,6,4,1,1,,0,0,1
138,1,4,5,2,4,3,1,2,3,2,3,5,5,3,3,5,5,5,4,5,6,5,5,4,9,2,2,1,1,3,1,1,,,,,1,2,3,2,2,2,2,3,3,3,2,2,3,3,2,2,2,2,3,2,4,2,1,1980-01-14,6,3,10,4,5,2,1,1,,0,0,1
139,7,5,10,1,1,1,1,1,1,1,1,6,6,6,6,4,6,4,6,6,5,4,6,4,6,1,,1,2,6,2,1,,,,,3,3,5,3,4,2,4,3,3,2,4,2,2,3,3,4,2,4,4,4,3,3,1,1971-10-19,7,2,3,10,11,5,1,1,,0,0,1
140,7,5,30,3,2,2,1,1,3,2,1,5,5,6,6,6,6,6,5,6,5,4,4,4,1,1,,1,2,5,2,2,2,1,1,1,2,4,4,3,2,2,4,5,5,2,5,1,1,4,3,2,1,4,5,5,4,2,1,1976-05-30,8,2,3,11,11,5,1,1,,0,0,1
141,7,4,15,3,4,3,1,3,2,3,2,4,4,5,5,4,6,6,4,4,4,4,4,4,6,1,,1,3,6,3,9,1,1,1,1,1,2,1,4,5,4,3,3,2,3,3,4,4,3,2,1,3,3,3,2,2,2,1,1974-05-18,8,3,3,11,5,3,1,1,,0,0,1
142,7,3,0,3,3,4,3,3,4,3,3,4,5,5,5,5,4,4,4,5,4,4,4,8,8,1,,1,1,4,1,11,2,1,1,1,1,4,4,4,3,1,4,4,4,2,4,1,1,4,4,4,3,3,4,4,4,2,1,1977-05-04,6,2,5,10,7,3,1,1,,0,0,1
143,10,1,0,4,3,4,3,3,2,2,3,3,4,3,6,5,4,3,5,4,5,6,6,9,3,1,,1,2,5,2,12,2,2,1,1,3,3,4,4,3,4,3,2,3,1,4,2,2,4,3,2,2,5,5,5,4,2,1,1964-01-18,7,2,3,9,2,2,1,1,,0,0,1
144,1,6,10,3,1,2,2,3,1,1,3,4,5,4,2,5,5,6,5,5,6,6,4,9,10,2,2,2,,,,,,,,,,,,,,,,,,,,,,,,,,,,,,,2,1977-03-16,7,1,13,6,10,5,1,1,,0,0,1
145,1,2,6,3,3,3,3,3,3,2,3,4,6,4,6,4,4,3,5,4,5,4,6,7,8,1,,1,1,3,1,1,,,,,1,3,2,4,1,1,4,3,3,1,3,1,2,4,3,3,3,3,4,3,2,1,2,1978-06-19,6,4,2,9,2,2,1,1,,0,0,1
146,7,3,8,3,2,3,2,3,1,1,2,5,6,4,4,5,5,4,5,4,4,5,3,6,3,1,,1,1,6,2,1,,,,,2,4,4,4,2,2,4,4,5,2,4,2,1,4,2,2,2,4,4,4,2,2,1,1975-04-22,7,3,3,10,4,1,1,1,,0,0,1
147,7,3,5,2,3,3,2,3,2,3,2,4,5,6,6,6,5,5,5,5,4,4,5,4,9,1,,1,2,6,1,2,2,1,1,1,1,5,5,5,2,1,5,4,5,2,4,1,1,4,2,2,2,4,5,5,2,1,2,1978-12-26,7,6,3,11,6,3,1,1,,0,0,1
148,7,4,35,3,3,4,2,3,3,2,4,2,6,5,4,2,5,3,4,5,4,3,4,4,3,1,,1,1,6,2,1,,,,,1,4,4,4,1,1,5,5,3,2,3,1,1,2,3,2,2,5,4,4,1,3,1,1973-09-06,8,3,3,11,11,5,1,1,,0,0,1
149,1,6,6,3,3,3,3,3,3,3,3,4,4,3,2,3,5,5,4,4,4,4,4,4,6,2,2,2,,,,,,,,,,,,,,,,,,,,,,,,,,,,,,,2,1974-07-04,7,2,3,9,6,5,1,1,,0,0,1
150,7,4,100,3,1,1,2,1,2,1,1,5,6,6,5,6,6,5,6,6,4,6,5,6,8,1,,1,1,6,4,6,2,1,1,1,2,3,5,5,3,2,5,4,3,2,5,5,3,5,1,1,1,3,5,4,3,5,2,1111-11-11,7,2,3,7,7,2,1,1,,0,0,1
151,3,1,10,4,3,2,4,5,5,3,4,1,2,3,5,5,4,5,4,6,4,2,3,3,4,2,2,2,,,,,,,,,,,,,,,,,,,,,,,,,,,,,,,1,1981-08-12,7,3,6,1,10,3,1,1,,0,0,1
152,2,1,1,5,4,4,4,4,4,4,4,2,3,2,2,2,2,2,2,2,2,2,2,1,6,2,2,2,,,,,,,,,,,,,,,,,,,,,,,,,,,,,,,1,1970-10-31,9,1,10,2,6,3,1,1,,0,0,1
153,1,,,,,,,,,,,,,,,,,,,,,,,,,,,,,,,,,,,,,,,,,,,,,,,,,,,,,,,,,,,,,,,,,,,,,0,0,0
154,7,2,15,4,3,3,3,4,2,2,2,4,6,6,6,6,6,5,5,5,2,4,5,4,6,1,,1,2,6,2,2,2,1,1,1,1,4,4,4,2,1,5,2,5,1,1,1,1,4,1,1,1,4,5,5,3,1,1,1980-09-22,8,3,10,10,6,3,1,1,,0,0,1
155,7,5,10,2,1,1,1,1,1,1,2,3,6,6,6,5,6,6,6,5,5,6,6,7,7,1,,1,3,5,1,1,,,,,2,4,3,5,1,2,5,5,5,2,5,1,1,5,2,4,1,5,5,5,1,2,2,1974-06-29,7,2,13,10,5,5,1,1,,0,0,1
156,1,1,1,2,2,2,2,2,2,2,2,6,6,5,6,6,6,4,6,5,5,6,5,2,2,2,2,1,1,3,2,12,1,1,1,1,1,2,3,3,4,3,4,3,4,4,4,3,1,4,2,2,2,4,4,4,4,3,1,1974-09-28,7,3,3,9,5,4,1,1,,0,0,1
157,4,5,10,3,2,3,3,3,3,2,2,5,5,4,6,4,5,5,6,3,5,4,5,3,4,1,,1,2,3,1,1,,,,,1,4,3,1,4,4,2,5,5,1,5,5,1,5,4,4,4,5,4,4,2,1,2,1974-10-08,7,1,3,9,11,5,1,1,,0,0,1
158,10,3,0,2,2,3,3,2,2,2,2,4,5,5,6,5,5,4,3,4,4,5,3,6,8,1,,1,4,4,2,11,2,2,1,1,1,4,5,4,3,2,4,3,3,1,5,2,1,3,3,2,2,4,4,5,3,2,1,1977-01-04,7,2,3,10,5,2,1,1,,0,0,1
159,7,2,15,3,4,3,2,2,2,1,3,5,6,4,5,4,6,6,6,6,5,4,5,8,,,,,,,,,,,,,,,,,,,,,,,,,,,,,,,,,,,,,,,,,,,,,,0,0,0
160,7,2,35,,,,,,,,,,,,,,,,,,,,,,,,,,,,,,,,,,,,,,,,,,,,,,,,,,,,,,,,,,,,,,,,,,,0,0,0
161,1,4,5,2,2,3,2,3,2,2,3,4,5,5,5,4,5,5,5,5,5,5,5,4,6,2,2,2,,,,,,,,,,,,,,,,,,,,,,,,,,,,,,,2,1983-03-28,6,1,2,3,6,4,1,1,,0,0,1
162,2,2,2,4,4,3,3,2,2,2,3,3,5,2,2,3,5,4,5,4,3,5,5,6,3,2,1,1,3,4,1,1,,,,,4,4,4,5,1,1,5,2,4,1,5,1,1,4,1,1,1,4,5,5,2,1,1,1981-05-11,7,2,11,4,6,4,1,1,,0,0,1
163,1,1,0,5,5,5,5,4,4,3,5,4,4,4,5,5,5,6,5,4,4,4,6,2,7,2,2,2,,,,,,,,,,,,,,,,,,,,,,,,,,,,,,,2,1981-03-06,7,4,1,3,2,1,1,1,,0,0,1
164,2,1,0,3,2,3,1,4,4,3,2,5,6,5,1,2,6,5,4,6,3,2,5,4,6,2,2,2,,,,,,,,,,,,,,,,,,,,,,,,,,,,,,,2,1982-06-25,7,1,10,2,5,4,1,,,0,0,0
165,3,3,15,2,2,3,3,3,3,2,4,4,6,5,5,5,6,6,6,6,6,5,6,2,2,1,,1,2,4,2,1,,,,,2,5,5,5,1,1,1,5,5,5,5,1,1,4,4,3,2,5,5,5,4,1,2,1977-07-05,7,2,3,10,6,4,1,1,,0,0,1
166,11,2,0,3,3,3,3,3,3,2,3,4,6,4,5,3,5,4,4,5,4,4,5,4,3,2,2,1,4,6,1,1,,,,,1,5,4,5,1,1,5,5,1,1,5,1,1,5,1,1,1,5,5,5,1,1,1,1970-02-24,6,5,6,10,2,2,1,1,,0,0,1
167,7,1,,,,,,,,,,,,,,,,,,,,,,,,,,,,,,,,,,,,,,,,,,,,,,,,,,,,,,,,,,,,,,,,,,,,61.149.100.11,167,0
168,7,4,5,3,3,4,3,4,1,3,3,4,6,4,6,4,3,2,2,2,5,5,5,7,6,1,,1,4,6,2,1,,,,,1,4,5,3,1,1,5,5,3,1,5,1,1,5,3,2,1,5,5,5,1,3,1,1955-10-20,5,3,3,3,6,4,1,1,,0,0,1
169,7,2,50,4,4,4,4,3,2,3,4,4,3,4,4,4,4,5,5,4,5,3,3,3,4,1,,1,4,6,4,2,2,1,1,1,1,4,4,4,1,2,5,5,1,2,4,1,1,4,2,1,1,4,4,4,1,2,1,1966-03-15,8,2,13,11,2,1,1,1,,61.149.100.11,167,1
170,7,3,20,3,2,2,2,2,2,2,2,5,6,6,6,2,5,1,6,4,2,6,6,6,3,1,,1,3,6,1,11,2,1,1,1,1,5,5,5,2,1,5,1,5,1,5,1,1,2,4,1,2,5,5,5,2,1,1,1967-10-24,7,3,3,9,5,4,1,1,,202.4.254.226,0,1
171,5,1,,,,,,,,,,,,,,,,,,,,,,,,,,,,,,,,,,,,,,,,,,,,,,,,,,,,,,,,,,,,,,,,,,,,0,0,0
172,7,2,30,3,3,3,3,4,3,1,3,4,6,5,6,6,5,5,5,4,6,5,6,4,6,1,,1,3,6,2,2,1,1,1,1,,,,,,,,,,,,,,,,,,,,,,,,,,,,,,,,,,219.236.163.2,172,0
173,7,3,20,2,3,3,2,3,3,1,3,4,6,5,6,6,4,5,6,1,6,4,5,7,6,1,,1,3,5,2,2,1,1,1,1,1,4,2,5,3,3,4,4,5,2,4,1,1,4,4,4,2,2,2,2,3,2,1,1975-06-07,6,1,6,9,3,2,1,1,,219.236.163.2,172,1
174,7,5,15,4,3,2,3,4,4,4,4,,,,,,,,,,,,,,,,,,,,,,,,,,,,,,,,,,,,,,,,,,,,,,,,,,,,,,,,,,,0,0,0
175,2,2,2,2,4,2,2,4,4,2,2,4,5,3,6,4,4,3,3,3,3,3,3,2,2,1,,2,,,,,,,,,,,,,,,,,,,,,,,,,,,,,,,2,1987-08-20,4,5,10,10,6,3,,,,0,0,0
176,5,4,10,1,1,1,1,1,2,2,2,5,6,6,6,6,6,5,6,5,4,6,2,4,6,1,,2,,,,,,,,,,,,,,,,,,,,,,,,,,,,,,,2,1974-12-27,7,4,5,11,5,5,1,1,,0,0,1
177,2,1,1,3,3,2,2,3,3,5,4,3,3,4,5,3,6,6,4,4,6,3,4,3,2,2,2,2,,,,,,,,,,,,,,,,,,,,,,,,,,,,,,,1,1976-09-10,8,2,2,5,5,5,1,1,,0,0,1
178,2,4,5,2,2,3,2,2,2,2,2,,,,,,,,,,,,,,,,,,,,,,,,,,,,,,,,,,,,,,,,,,,,,,,,,,,,,,,,,,,0,0,0
179,4,1,1,4,4,4,4,3,3,2,3,4,3,2,4,3,4,4,2,3,3,3,3,4,6,2,2,2,,,,,,,,,,,,,,,,,,,,,,,,,,,,,,,1,1982-08-24,7,4,2,10,5,2,1,1,,0,0,1
180,7,1,20,4,3,3,3,2,3,2,4,4,6,6,5,5,3,2,5,4,3,3,5,7,8,1,,1,4,6,1,2,1,2,1,1,1,2,4,4,2,3,5,4,2,1,5,1,1,5,4,1,1,5,4,4,3,3,2,1966-04-08,7,3,2,7,17,5,1,1,,0,0,1
181,4,3,10,2,3,3,2,2,5,4,4,2,4,2,1,2,5,6,5,4,4,3,2,4,2,2,1,1,2,3,1,1,,,,,1,1,1,1,1,1,1,1,1,1,1,1,1,1,1,1,1,1,1,1,1,1,1,1980-02-08,7,3,3,10,5,3,1,1,,0,0,1
182,4,5,100,3,3,3,1,4,2,2,4,3,6,1,1,1,6,6,5,4,3,3,4,4,6,2,2,2,,,,,,,,,,,,,,,,,,,,,,,,,,,,,,,1,1980-02-18,6,3,2,7,3,2,1,1,,0,0,1
183,1,4,1,3,4,3,4,4,3,2,2,4,5,6,3,3,5,5,5,5,3,6,5,1,1,2,2,2,,,,,,,,,,,,,,,,,,,,,,,,,,,,,,,1,1984-08-31,6,3,6,3,6,4,1,1,,0,0,1
184,1,6,5,3,3,3,3,3,3,3,2,4,4,3,1,4,6,4,5,5,6,4,6,2,6,2,2,1,2,4,1,1,,,,,2,5,4,5,2,2,4,5,5,2,5,3,4,5,3,1,1,5,4,4,3,2,1,1982-06-24,5,2,2,4,11,5,1,1,,0,0,1
185,7,2,30,4,3,2,3,2,3,3,3,5,5,4,5,5,6,4,5,5,4,3,6,3,4,1,,1,2,6,1,7,2,1,1,1,1,5,5,5,1,1,5,5,3,1,5,5,1,5,5,1,1,5,5,5,5,1,1,1977-01-27,7,3,1,7,12,5,1,1,,210.78.139.23,0,1
186,9,1,2,4,3,3,2,3,2,1,2,4,6,5,3,3,5,5,5,6,3,5,5,7,8,1,,1,1,1,,,,,,,,,,,,,,,,,,,,,,,,,,,,,2,1976-02-14,9,2,10,10,6,2,1,1,,0,0,1
187,10,1,0,3,3,2,3,1,2,2,2,4,4,5,4,4,4,6,5,4,5,4,5,4,5,,,,,,,,,,,,,,,,,,,,,,,,,,,,,,,,,,,,,,,,,,,,,0,0,0
188,7,5,100,2,2,2,1,2,2,2,2,4,6,5,6,5,6,6,5,6,5,5,5,9,2,1,,1,1,2,1,1,,,,,1,5,5,4,3,2,4,4,4,2,3,2,3,4,3,3,2,4,4,4,3,2,2,1980-08-08,7,2,3,7,7,5,1,1,,0,0,1
189,1,4,3,3,4,4,3,1,3,2,2,5,6,3,6,4,6,3,5,5,4,3,6,5,5,2,1,1,2,4,1,1,,,,,2,4,5,5,2,3,4,4,4,2,5,2,1,5,4,4,2,5,5,5,4,2,1,1982-02-13,6,3,6,9,7,2,1,1,,0,0,1
190,3,1,0,3,3,2,2,2,1,1,3,3,6,5,6,3,5,4,6,5,4,5,3,4,4,1,,1,2,3,1,1,,,,,1,5,4,5,2,1,4,4,4,1,5,1,2,5,4,4,2,5,5,5,1,1,1,1976-04-04,8,2,3,9,5,4,1,1,,0,0,1
191,7,4,20,3,3,3,2,3,3,2,3,3,5,5,6,4,4,4,6,4,3,5,6,4,2,1,,1,4,6,1,1,,,,,2,3,4,5,4,2,3,2,3,2,4,1,3,3,1,1,2,5,4,3,2,3,1,1974-01-07,7,2,3,8,6,4,1,1,,211.100.14.14,0,1
192,7,3,15,3,2,2,2,2,1,2,2,5,6,6,4,4,4,3,4,4,4,5,5,4,4,1,,1,4,6,1,1,,,,,2,2,5,4,2,2,5,4,1,2,5,1,2,5,2,2,2,5,5,5,3,3,1,1971-10-29,6,4,2,7,8,5,1,1,,211.100.14.14,0,1
193,2,6,4,5,2,2,2,2,2,2,2,5,5,6,4,5,5,1,4,4,4,5,6,9,2,1,,1,1,3,1,1,,,,,1,3,3,3,1,1,3,5,2,5,5,2,1,4,5,5,5,4,4,5,1,1,1,1974-11-24,8,3,13,7,7,3,1,1,,0,0,1
194,7,3,15,4,3,4,1,3,3,1,2,4,5,4,6,6,5,5,2,4,5,5,3,4,1,1,,1,4,6,2,3,2,1,1,1,1,5,5,5,4,1,5,5,4,1,5,1,1,5,2,4,4,5,5,4,4,1,1,1968-05-10,6,3,11,10,6,3,1,1,,0,0,1
195,9,2,0,2,2,3,3,3,3,2,3,5,5,4,4,4,4,4,4,4,4,4,4,7,6,1,,1,1,3,1,11,2,1,1,1,1,4,1,5,1,5,5,5,5,1,3,1,1,4,2,1,1,5,5,5,4,1,1,1974-04-01,6,2,3,8,1,1,1,1,,0,0,1
196,7,4,0,4,3,3,3,3,3,3,4,3,5,6,6,3,5,5,3,5,5,4,5,4,6,1,,1,2,6,2,1,,,,,1,4,4,4,3,1,4,4,2,2,4,2,1,4,3,2,2,4,4,4,2,1,1,1976-07-23,6,3,10,4,10,5,1,1,,0,0,1
197,7,1,,,,,,,,,,,,,,,,,,,,,,,,,,,,,,,,,,,,,,,,,,,,,,,,,,,,,,,,,,,,,,,,,,,,0,0,0
198,1,4,5,3,3,4,3,2,3,2,2,5,6,5,5,4,4,3,5,3,6,3,5,1,2,,,,,,,,,,,,,,,,,,,,,,,,,,,,,,,,,,,,,,,,,,,,,61.51.216.79,198,0
199,1,4,5,4,3,3,3,3,4,2,2,5,6,5,5,4,4,5,3,4,6,4,3,1,2,2,2,2,,,,,,,,,,,,,,,,,,,,,,,,,,,,,,,1,1981-08-17,7,3,3,10,12,5,1,1,,61.51.216.79,198,1
200,7,1,15,3,3,2,3,3,4,2,3,3,5,5,5,4,4,5,3,4,4,3,6,3,4,1,,1,2,6,1,2,2,1,1,1,2,4,5,4,2,2,4,4,2,2,5,4,1,4,1,1,1,5,5,5,2,3,,,,,,,,,,,,211.160.8.114,200,0
201,7,1,15,,,,,,,,,,,,,,,,,,,,,,,,,,,,,,,,,,,,,,,,,,,,,,,,,,,,,,,,,,,,,,,,,,,211.160.8.114,200,0
202,7,3,0,1,1,1,1,1,1,1,1,5,6,6,6,6,6,6,6,6,6,6,6,7,6,1,,,,,,,,,,,,,,,,,,,,,,,,,,,,,,,,,,,,,,,,,,,,0,0,0
203,11,1,0,3,3,3,2,3,3,3,3,4,5,5,4,5,6,6,6,5,3,4,5,8,4,1,,1,2,4,1,1,,,,,1,4,3,5,4,2,5,4,5,3,4,2,2,4,2,2,1,4,5,5,4,3,1,1974-01-01,7,2,2,10,7,5,1,1,,0,0,1
204,9,2,3,3,2,3,3,3,3,2,2,5,6,6,6,4,2,5,5,3,5,4,5,1,4,2,2,2,,,,,,,,,,,,,,,,,,,,,,,,,,,,,,,1,1984-08-11,4,3,3,4,6,4,1,1,,0,0,1
205,7,2,10,5,4,4,5,3,3,2,3,5,5,5,3,3,5,2,2,4,4,4,5,7,9,1,,1,2,4,1,11,2,1,1,1,2,2,4,4,3,1,4,4,4,3,3,2,2,4,3,2,1,1,1,1,4,4,1,1967-06-17,7,3,3,9,6,5,1,1,,0,0,1
206,7,3,1,3,2,3,2,2,2,1,2,5,6,5,6,4,5,4,4,4,2,3,5,5,3,1,,1,4,5,2,7,2,1,1,1,2,4,5,3,2,1,5,5,5,2,2,1,1,5,5,5,4,4,5,5,4,3,2,1975-11-26,6,2,3,10,2,2,1,1,,0,0,1
207,7,2,7,2,3,2,2,1,1,1,1,6,6,5,6,6,3,3,6,5,3,6,5,5,4,1,,1,3,6,2,1,,,,,2,5,2,5,3,1,5,5,5,1,5,1,1,5,4,3,2,5,5,5,2,1,1,1979-07-18,6,2,2,9,1,1,1,1,,0,0,1
208,11,5,8,3,3,3,1,3,3,1,1,1,1,1,1,1,1,1,1,1,1,1,1,8,7,1,,1,2,5,1,1,,,,,3,5,5,5,1,1,5,2,4,1,5,1,1,5,4,1,1,5,5,5,2,2,1,1970-08-06,8,3,2,9,12,5,1,1,,0,0,1
209,7,1,3,3,3,3,2,4,2,2,4,4,6,6,6,6,6,2,5,6,5,4,6,2,9,1,,1,1,6,1,2,1,1,1,1,1,5,4,5,2,1,4,4,4,2,4,2,1,4,5,2,2,4,5,5,2,2,1,1973-07-03,9,4,4,10,6,4,1,1,,0,0,1
210,7,5,20,2,2,3,1,3,3,1,2,6,6,6,6,6,5,6,5,4,5,5,4,4,4,1,,1,1,6,1,11,2,1,1,1,1,5,5,4,2,1,5,4,5,1,5,1,1,4,5,1,2,5,5,5,3,1,1,1977-03-31,8,2,2,10,6,5,1,1,,0,0,1
211,7,4,,,,,,,,,,,,,,,,,,,,,,,,,,,,,,,,,,,,,,,,,,,,,,,,,,,,,,,,,,,,,,,,,,,,0,0,0
213,7,4,20,3,2,3,1,4,2,1,1,5,5,5,5,3,5,3,4,4,4,4,5,4,6,1,,1,2,6,1,1,,,,,2,4,5,5,2,2,4,2,1,1,1,2,1,2,3,2,2,4,4,4,2,3,1,1973-06-23,7,4,3,8,7,4,1,1,,0,0,1
214,7,3,30,3,2,2,1,2,2,2,2,5,5,6,6,5,6,6,6,6,5,6,5,1,1,1,,1,3,6,4,12,4,1,1,1,1,4,5,5,2,1,4,3,5,1,4,1,1,4,3,2,2,4,5,5,2,1,1,1975-05-11,7,2,2,11,6,3,1,1,,211.94.174.66,0,1
215,7,5,30,3,3,2,3,4,4,1,2,5,5,5,6,5,5,5,6,6,5,5,6,7,7,1,,1,3,6,1,11,2,1,1,1,5,4,4,5,5,2,5,5,5,2,4,1,5,5,5,5,1,5,5,5,2,1,1,1981-03-21,6,4,13,11,7,5,1,1,,0,0,1
216,7,3,50,5,3,1,2,3,4,3,2,5,5,4,6,6,4,5,5,3,2,3,4,4,4,1,,1,1,6,1,2,2,1,1,1,1,4,4,4,2,2,5,4,5,2,5,1,2,4,3,2,2,5,5,4,4,2,1,1972-05-20,8,5,2,11,6,2,1,1,,0,0,1
217,7,2,20,4,2,2,3,2,2,2,2,5,6,6,6,6,5,5,6,5,5,5,6,8,4,1,,1,3,6,3,11,2,1,1,1,4,2,4,1,2,4,4,4,4,4,4,4,2,4,1,1,1,4,4,4,5,5,2,1959-11-27,7,3,9,8,6,4,1,1,,0,0,1
218,7,3,5,1,3,1,1,2,1,2,3,4,5,6,6,6,6,4,4,6,6,4,3,4,6,1,,1,2,6,2,1,,,,,2,5,5,4,2,1,5,1,3,1,5,1,1,4,2,1,1,5,4,4,2,1,1,1981-06-23,7,3,3,8,6,5,1,1,,0,0,1
219,7,4,40,4,3,2,2,1,1,2,2,4,4,3,6,4,5,5,6,4,3,5,3,6,3,1,,1,4,6,2,11,2,1,1,1,1,4,2,4,3,3,4,4,3,3,3,2,1,4,2,4,1,5,5,4,2,3,1,1972-01-14,7,2,3,9,4,2,1,1,,0,0,1
220,7,5,20,5,5,1,1,3,3,3,3,5,5,5,6,4,6,5,6,5,4,4,4,4,4,1,,1,2,5,2,2,2,1,1,1,1,3,3,3,3,3,3,3,1,3,3,3,3,3,1,3,3,3,3,3,3,3,1,1971-07-27,8,5,3,10,5,5,1,1,,0,0,1
221,2,3,5,3,2,3,2,2,3,2,2,4,6,3,5,4,5,3,4,5,3,2,1,4,2,2,2,1,2,2,1,1,,,,,3,3,3,3,3,3,3,3,3,3,3,3,3,3,3,3,3,3,3,3,3,3,1,1981-01-06,8,2,11,12,6,3,1,,,0,0,0
222,7,4,20,4,3,3,2,2,2,1,2,4,4,3,3,4,4,5,5,3,4,4,5,1,9,1,,1,2,6,1,1,,,,,1,4,4,4,3,2,4,4,4,2,4,2,2,4,3,2,2,4,4,4,2,3,1,1974-01-22,7,2,3,10,7,4,1,1,,0,0,1
223,2,,,,,,,,,,,,,,,,,,,,,,,,,,,,,,,,,,,,,,,,,,,,,,,,,,,,,,,,,,,,,,,,,,,,,61.48.8.174,223,0
224,,,,,,,,,,,,,,,,,,,,,,,,,,,,,,,,,,,,,,,,,,,,,,,,,,,,,,,,,,,,,,,,,,,,,,0,0,0
225,7,2,15,2,2,3,3,3,3,3,4,2,6,5,4,3,5,5,4,5,2,3,3,1,1,1,,1,4,6,3,5,1,1,1,1,1,5,3,4,1,1,5,5,4,2,5,2,1,5,3,2,2,4,4,3,2,2,2,1975-03-06,8,1,2,9,7,2,1,1,,211.94.174.66,0,1
226,7,3,10,4,4,4,3,4,4,3,4,4,5,4,6,4,5,5,4,4,4,4,5,4,3,1,,1,3,6,2,12,1,1,1,1,1,2,4,5,4,2,4,4,3,2,4,2,2,4,4,2,2,4,4,3,3,2,1,1945-07-16,7,3,3,10,6,4,1,1,,0,0,1
227,7,4,15,3,1,3,1,1,2,1,2,5,6,6,6,5,6,2,6,4,6,6,6,2,2,1,,1,2,6,2,2,2,1,1,1,2,2,4,4,3,4,5,4,5,2,4,1,1,4,1,1,1,4,2,5,1,3,1,1982-04-11,6,4,5,9,5,4,1,1,,0,0,1
228,2,2,0,2,2,3,3,3,3,3,3,4,5,5,1,3,4,3,5,5,5,4,5,1,2,2,1,2,,,,,,,,,,,,,,,,,,,,,,,,,,,,,,,2,1979-07-06,6,3,13,6,6,3,,,,61.48.8.174,223,0
229,4,4,10,3,2,3,3,4,3,1,2,4,6,5,5,5,5,5,6,3,3,4,5,7,8,2,1,1,2,3,1,1,,,,,2,2,4,4,4,2,5,4,4,2,3,1,4,4,4,3,1,5,5,4,4,2,1,1980-02-22,7,3,2,10,11,5,1,1,,0,0,1
230,7,5,10,3,3,3,3,2,2,1,3,4,6,5,5,5,4,5,6,4,5,4,6,5,4,1,,1,1,5,2,2,2,1,1,1,1,1,5,3,2,2,4,4,4,2,4,1,1,4,3,2,2,5,4,5,4,2,2,1979-03-13,7,3,13,10,6,4,1,1,,0,0,1
231,7,5,0,3,4,3,4,2,3,2,2,3,5,5,6,4,3,5,4,2,4,2,6,7,4,1,,1,4,6,4,4,2,1,1,1,1,2,2,5,3,4,3,4,4,3,4,1,1,5,1,1,1,5,1,4,5,4,1,1979-06-29,7,2,3,10,6,5,1,1,,0,0,1
232,2,2,3,3,2,3,1,1,2,1,1,4,5,5,4,1,6,5,5,6,2,5,3,4,6,2,2,2,,,,,,,,,,,,,,,,,,,,,,,,,,,,,,,1,1979-11-04,6,1,2,7,6,3,1,1,,0,0,1
233,7,2,20,3,3,2,2,3,3,1,4,2,6,5,6,5,5,5,6,5,4,3,5,2,4,1,,1,4,6,2,1,,,,,1,4,4,5,3,1,5,4,4,2,4,1,1,4,1,1,1,5,5,4,1,2,1,1974-08-14,7,3,13,10,4,1,1,1,,0,0,1
234,7,2,0,4,1,2,3,1,3,1,5,2,2,6,5,5,5,5,6,4,6,6,6,2,2,1,,1,4,6,3,3,2,1,1,1,1,4,5,5,1,4,2,5,2,4,4,1,1,5,1,1,1,5,5,5,2,4,1,1966-07-13,8,4,3,11,5,2,1,1,,210.74.97.82,234,1
235,9,2,0,2,1,2,3,2,2,3,4,3,5,5,4,4,5,4,6,4,5,5,5,2,2,1,,1,3,3,3,2,,,,,,,,,,,,,,,,,,,,,,,,,,,,,,,,,,,,,,210.74.97.82,234,0
236,9,2,0,3,1,3,3,2,2,3,4,2,3,4,4,3,6,4,6,5,6,5,5,2,2,1,,1,3,3,3,2,2,1,1,1,1,5,5,5,1,1,5,5,3,1,5,1,1,5,2,2,2,5,5,5,2,2,2,1966-08-29,7,4,1,11,5,2,1,1,,210.74.97.82,234,1
237,2,1,0,4,2,4,1,2,3,1,3,4,6,4,6,3,5,5,6,6,4,5,6,4,6,2,2,2,,,,,,,,,,,,,,,,,,,,,,,,,,,,,,,1,1980-05-04,8,4,10,5,6,4,1,1,,0,0,1
238,7,3,20,3,4,4,3,3,4,4,4,3,2,3,5,4,4,4,4,4,4,4,4,2,2,1,,1,1,6,1,1,,,,,2,4,5,5,2,2,4,2,2,2,5,2,2,2,2,2,2,4,4,4,3,2,1,1965-01-07,8,3,1,10,6,3,1,1,,0,0,1
239,6,3,10,4,3,2,2,1,2,2,1,5,5,6,6,4,5,4,5,5,4,5,4,4,6,1,,1,4,6,4,12,1,1,1,1,1,5,5,5,2,1,5,5,5,1,3,1,1,5,1,1,1,5,5,5,4,1,1,1972-10-29,8,2,1,9,6,3,1,1,,0,0,1
240,2,4,4,5,4,3,3,4,5,4,4,4,5,3,3,5,5,6,6,5,5,4,4,1,1,2,2,2,,,,,,,,,,,,,,,,,,,,,,,,,,,,,,,2,1981-11-02,7,3,13,7,5,4,1,1,,0,0,1
241,7,,,,,,,,,,,,,,,,,,,,,,,,,,,,,,,,,,,,,,,,,,,,,,,,,,,,,,,,,,,,,,,,,,,,,0,0,0
242,7,4,5,4,3,3,3,3,3,1,2,4,5,2,2,3,3,4,4,2,2,3,3,8,8,1,,1,1,6,1,1,,,,,1,4,3,5,3,2,3,4,3,2,4,1,1,4,5,2,2,4,5,4,2,1,1,1976-05-01,7,4,3,9,5,2,1,1,,0,0,1
243,1,6,10,3,2,1,2,4,3,1,3,4,5,4,4,5,6,6,6,6,6,6,6,3,2,2,1,1,3,3,1,1,,,,,1,4,4,5,2,1,5,4,5,1,5,1,1,5,1,3,1,5,5,5,5,2,1,1977-10-26,7,2,2,8,11,5,1,1,,0,0,1
244,7,5,15,3,3,3,1,2,3,2,3,4,5,6,6,5,6,3,5,5,4,4,6,4,10,1,,1,2,6,2,2,2,1,1,1,1,4,5,5,1,1,2,1,3,1,4,1,1,4,2,2,1,5,4,4,1,2,1,1973-08-13,7,3,2,11,10,5,1,1,,0,0,1
245,11,1,0,4,1,1,1,1,3,3,1,3,3,6,6,3,6,2,5,6,6,5,3,4,4,2,2,1,4,6,4,12,3,1,1,1,1,4,5,5,1,1,5,2,4,2,5,1,1,3,1,1,1,5,5,5,1,3,1,1969-01-17,7,6,6,8,6,2,1,1,,0,0,1
246,1,4,2,4,3,3,3,2,4,3,3,2,5,2,2,3,5,4,3,4,2,2,5,1,8,2,2,,,,,,,,,,,,,,,,,,,,,,,,,,,,,,,,,,,,,,,,,,,0,0,0
247,9,2,2,2,2,3,3,2,3,3,2,3,5,2,1,4,2,4,3,4,4,2,2,4,6,2,2,2,,,,,,,,,,,,,,,,,,,,,,,,,,,,,,,2,1982-10-02,7,3,3,9,6,4,1,1,,0,0,1
248,2,1,0,3,4,3,3,3,3,2,2,4,4,5,4,4,4,5,5,5,6,4,4,1,6,2,2,2,,,,,,,,,,,,,,,,,,,,,,,,,,,,,,,2,1979-10-20,7,4,13,2,9,5,1,1,,210.73.68.117,0,1
249,1,4,2,1,1,2,1,2,2,1,1,5,6,5,4,4,6,6,5,6,6,5,5,4,4,2,2,1,1,2,1,1,,,,,,,,,,,,,,,,,,,,,,,,,,,,,,,,,,,,,,219.237.160.27,249,0
250,5,3,4,3,2,2,2,3,3,2,2,5,6,6,6,6,5,6,6,5,5,6,6,8,3,2,1,1,1,2,1,2,2,1,1,1,2,2,4,4,2,4,2,3,3,2,4,2,2,4,4,4,3,4,2,4,4,3,2,1977-10-26,8,4,3,8,11,5,1,1,,0,0,1
251,2,1,2,2,3,2,2,3,4,3,3,4,6,4,1,6,5,5,3,4,4,5,5,8,9,2,2,2,,,,,,,,,,,,,,,,,,,,,,,,,,,,,,,2,1982-03-21,5,3,3,7,6,4,1,1,,0,0,1
252,2,4,4,2,1,1,1,1,2,1,1,5,6,6,5,5,6,6,6,5,6,6,6,3,3,2,2,1,1,1,,,,,,,,,,,,,,,,,,,,,,,,,,,,,1,1977-06-17,7,1,3,6,6,2,1,1,,219.237.160.27,249,1
253,10,2,0,2,2,3,2,3,2,2,3,5,6,4,6,5,6,6,6,5,5,4,6,8,8,1,,1,3,2,1,1,,,,,4,5,5,5,2,2,4,4,5,1,5,2,1,4,5,5,4,4,5,5,4,2,2,1967-08-03,7,3,1,9,8,5,1,1,,210.78.139.23,0,1
254,9,1,0,,,,,,,,,,,,,,,,,,,,,,,,,,,,,,,,,,,,,,,,,,,,,,,,,,,,,,,,,,,,,,,,,,,0,0,0
255,7,1,0,3,3,3,3,3,3,1,4,3,6,3,3,3,4,6,3,4,5,3,6,5,7,1,,1,4,6,3,1,,,,,1,5,4,5,4,1,5,5,2,1,5,1,1,5,1,2,2,5,5,5,4,1,2,1973-02-07,6,2,13,2,5,2,1,1,,0,0,1
256,8,3,16,3,4,3,3,4,3,4,3,3,4,3,4,3,5,5,5,5,5,4,4,4,6,2,2,2,,,,,,,,,,,,,,,,,,,,,,,,,,,,,,,,,,,,,,,,,,0,0,0
257,2,1,2,3,3,3,4,3,3,3,3,4,4,2,4,4,4,5,3,4,4,4,3,3,7,2,2,1,1,2,1,12,1,1,1,1,1,5,5,5,1,1,5,5,1,1,5,1,1,1,1,1,1,5,5,5,1,1,1,1983-03-29,6,3,13,2,13,5,1,1,,0,0,1
258,1,1,3,3,4,2,4,3,3,1,3,5,5,3,2,3,4,6,3,6,5,3,2,3,4,2,2,2,,,,,,,,,,,,,,,,,,,,,,,,,,,,,,,2,1983-06-15,7,3,10,7,6,3,1,1,,0,0,1
259,6,4,10,3,3,3,3,3,2,3,1,6,6,5,6,6,5,2,5,4,4,5,6,6,3,2,2,1,2,3,2,1,,,,,2,5,5,4,2,1,5,4,5,1,5,1,1,5,3,4,4,5,5,5,1,1,1,1967-02-17,7,3,3,5,5,3,1,1,,0,0,1
260,2,1,0,3,1,1,1,1,1,3,3,4,5,4,6,3,6,2,6,5,4,6,6,4,6,2,2,1,1,3,1,7,2,1,1,1,1,4,4,4,2,1,4,4,2,1,5,1,5,5,5,5,5,5,5,5,2,1,1,1979-02-09,7,1,1,6,6,5,1,1,,0,0,1
261,7,4,30,,,,,,,,,,,,,,,,,,,,,,,,,,,,,,,,,,,,,,,,,,,,,,,,,,,,,,,,,,,,,,,,,,,61.149.201.97,261,0
262,7,4,20,3,3,3,3,3,3,2,3,5,5,6,6,6,4,5,5,5,4,3,5,,,,,,,,,,,,,,,,,,,,,,,,,,,,,,,,,,,,,,,,,,,,,,,61.149.201.97,261,0
263,2,5,8,2,3,3,3,3,2,3,3,4,4,4,4,4,4,5,2,5,6,3,4,1,4,2,2,2,,,,,,,,,,,,,,,,,,,,,,,,,,,,,,,1,1984-06-12,7,3,10,2,5,4,1,1,,0,0,1
264,7,4,20,3,3,2,2,3,3,2,2,4,6,6,4,5,5,5,4,5,4,4,5,2,2,1,,1,3,5,2,2,2,1,1,1,2,4,5,5,2,4,3,3,1,1,4,1,2,4,5,4,4,4,5,5,3,2,1,1972-05-07,7,2,3,11,5,4,1,1,,0,0,1
265,2,3,4,4,3,4,4,4,4,2,3,4,5,3,4,3,5,6,6,5,5,4,5,8,6,2,2,1,3,1,,,,,,,,,,,,,,,,,,,,,,,,,,,,,1,1969-03-19,5,2,13,6,7,3,1,1,,0,0,1
266,5,5,13,4,2,1,3,4,5,3,4,3,6,5,1,3,6,6,6,6,3,3,4,1,1,2,2,2,,,,,,,,,,,,,,,,,,,,,,,,,,,,,,,1,1981-10-09,6,4,13,7,10,4,1,1,,0,0,1
267,9,3,4,1,2,1,1,2,3,2,3,4,4,5,4,5,6,6,6,5,4,4,4,4,6,2,2,2,,,,,,,,,,,,,,,,,,,,,,,,,,,,,,,1,,,,,,,,,,,0,0,0
268,1,3,4,,,,,,,,,,,,,,,,,,,,,,,,,,,,,,,,,,,,,,,,,,,,,,,,,,,,,,,,,,,,,,,,,,,0,0,0
269,7,2,1,3,3,3,2,2,2,2,2,5,5,5,5,4,6,5,4,5,5,5,4,4,6,1,,2,,,,,,,,,,,,,,,,,,,,,,,,,,,,,,,2,1988-05-03,4,3,10,8,6,4,1,1,,0,0,1
270,4,4,6,3,4,4,4,4,4,4,3,3,4,2,1,2,3,4,4,3,2,2,3,3,4,2,2,1,3,3,1,2,1,1,1,1,2,2,4,4,2,2,5,4,2,1,5,1,1,5,2,2,2,5,5,4,2,2,1,1973-08-10,7,2,2,9,5,4,,,,0,0,0
271,7,3,6,3,3,2,3,3,3,2,3,3,2,4,5,4,5,2,5,5,4,4,5,2,4,2,1,1,3,6,2,2,2,1,1,1,1,4,5,5,2,1,5,5,4,1,5,5,1,5,1,2,2,5,5,5,1,1,1,1961-01-08,4,3,2,6,6,3,1,1,,0,0,1
272,9,3,0,3,1,3,1,4,1,1,1,6,3,6,6,5,6,5,6,4,6,6,6,6,,,,,,,,,,,,,,,,,,,,,,,,,,,,,,,,,,,,,,,,,,,,,,0,0,0
273,1,5,3,3,2,2,3,3,4,2,2,3,3,2,5,5,6,4,6,5,3,4,4,2,6,1,,1,1,3,1,1,,,,,1,5,5,5,3,1,5,5,4,1,5,1,1,5,5,5,3,5,5,5,2,1,2,1985-04-10,7,3,10,5,6,3,,,,0,0,0
274,2,5,2,2,3,1,2,3,2,3,4,3,5,3,5,3,6,6,4,5,5,4,4,1,2,2,2,2,,,,,,,,,,,,,,,,,,,,,,,,,,,,,,,1,1980-07-18,8,4,10,8,6,4,1,,,0,0,0
275,2,3,4,3,3,4,2,2,4,1,3,4,5,4,6,4,5,3,5,3,5,4,6,4,6,2,2,1,2,1,,,,,,,,,,,,,,,,,,,,,,,,,,,,,2,1982-07-28,7,3,11,10,6,3,1,1,,0,0,1
276,9,1,0,1,2,2,2,3,2,2,3,4,6,5,4,4,5,6,5,4,5,5,3,1,1,2,2,1,1,2,1,1,,,,,1,5,5,5,1,1,5,4,5,3,5,1,1,5,5,5,5,5,5,5,5,1,2,1984-02-28,7,2,10,2,17,2,1,1,,0,0,1
277,9,4,2,4,4,3,4,4,3,1,1,5,5,2,5,5,6,5,4,3,4,5,5,1,8,1,,1,2,3,1,1,,,,,3,2,4,2,2,2,2,2,3,2,2,2,2,2,4,2,3,2,2,2,2,4,1,1976-04-20,7,2,2,9,7,3,1,1,,0,0,1
278,2,1,2,3,4,3,4,3,2,3,3,3,4,4,4,4,4,5,5,2,3,5,1,2,2,2,2,2,,,,,,,,,,,,,,,,,,,,,,,,,,,,,,,2,1982-11-26,7,4,3,10,6,4,1,1,,0,0,1
279,2,4,5,,,,,,,,,,,,,,,,,,,,,,,,,,,,,,,,,,,,,,,,,,,,,,,,,,,,,,,,,,,,,,,,,,,0,0,0
280,7,4,10,3,2,2,1,1,1,1,3,4,6,5,6,5,6,5,6,5,5,6,5,7,8,1,,1,3,6,2,2,2,1,1,1,1,4,4,5,1,1,5,3,5,2,4,2,1,5,4,1,1,5,4,4,1,1,1,1976-04-09,6,4,3,7,9,5,1,1,,61.49.183.119,280,1
281,4,4,6,3,3,2,2,1,1,1,3,4,6,4,6,5,5,5,5,6,5,6,4,7,8,2,2,1,2,3,1,1,,,,,1,5,5,5,1,1,5,3,5,1,4,1,1,5,4,2,2,4,4,4,3,1,2,1979-11-07,6,4,10,12,1,2,1,1,,61.49.183.119,280,1
282,7,4,10,4,2,2,1,1,1,1,2,5,5,6,6,5,6,1,5,6,5,6,6,4,6,1,,1,4,6,2,2,3,1,1,1,4,3,3,4,3,2,4,5,4,3,4,1,1,4,2,1,1,4,4,3,2,4,1,1977-06-28,7,2,13,10,6,4,1,1,,0,0,1
283,1,4,2,2,2,1,2,2,2,3,2,5,5,5,5,5,5,5,5,5,5,4,5,8,4,1,,1,3,6,,,,,,,,,,,,,,,,,,,,,,,,,,,,,,,,,,,,,,,,0,0,0
284,7,4,10,4,3,4,3,4,4,2,3,4,5,5,5,6,4,4,4,4,3,3,6,,,,,,,,,,,,,,,,,,,,,,,,,,,,,,,,,,,,,,,,,,,,,,,218.246.107.92,284,0
285,7,4,10,3,3,3,3,3,4,2,3,4,5,5,6,5,4,5,5,4,5,2,6,1,6,1,,1,2,6,1,11,2,1,1,1,2,3,4,5,1,3,4,4,4,2,5,1,1,4,5,1,3,5,5,5,1,1,2,1981-09-01,6,3,13,10,2,1,1,1,,218.246.107.92,284,1
286,4,3,6,2,2,2,2,2,2,2,2,6,5,5,6,6,5,5,5,6,5,5,5,4,6,1,,1,2,5,3,11,2,1,1,1,1,5,5,5,2,2,5,4,5,4,4,2,2,5,4,4,4,4,4,4,2,1,1,1977-05-23,7,2,2,10,5,3,1,1,,0,0,1
287,7,1,4,4,3,4,3,4,2,2,3,4,6,4,6,5,4,3,6,4,5,4,5,7,8,1,,1,4,6,3,1,,,,,1,4,5,5,3,2,4,4,3,1,4,1,2,4,4,2,2,5,5,4,2,2,1,1957-11-26,7,2,1,9,4,1,1,1,,0,0,1
288,7,2,30,3,2,3,3,3,2,2,3,2,5,4,5,5,6,2,5,4,2,6,5,4,6,1,,1,2,6,2,9,2,1,1,1,1,3,5,4,2,2,5,4,2,1,5,1,1,5,2,2,2,5,4,5,5,2,1,1958-09-16,6,3,2,6,6,3,1,1,,0,0,1
289,4,3,10,3,4,4,2,3,3,2,3,5,5,5,5,4,5,4,6,4,4,5,3,6,6,2,1,2,,,,,,,,,,,,,,,,,,,,,,,,,,,,,,,2,1959-10-02,7,,,,,,,,,0,0,0
290,7,3,10,4,3,3,3,3,3,2,2,4,4,5,4,4,5,4,4,5,4,3,5,8,8,1,,1,4,6,2,5,2,1,1,1,1,3,5,4,4,2,4,3,2,2,5,2,1,4,2,2,2,4,4,5,2,3,1,1971-03-25,6,3,2,9,7,4,1,1,,0,0,1
291,2,5,8,4,2,1,3,2,1,1,1,6,6,6,6,5,4,6,6,5,4,6,4,8,3,1,,1,1,4,2,1,,,,,1,5,4,4,2,4,4,4,5,2,5,2,3,4,2,3,3,4,4,4,2,2,1,1977-01-05,7,4,6,7,7,3,1,1,,202.96.18.193,0,1
292,2,4,10,4,4,4,4,3,4,3,4,4,6,4,6,5,6,4,6,5,4,3,6,1,4,1,,1,2,6,2,9,2,1,1,1,1,4,5,5,1,1,4,5,4,1,5,1,1,5,1,1,1,5,5,5,1,1,1,1971-02-16,7,4,6,11,1,1,1,1,,0,0,1
293,7,4,80,3,3,2,3,3,2,1,4,4,5,4,5,3,5,5,6,3,4,5,6,4,6,1,,1,4,6,4,7,2,1,1,1,1,4,3,4,2,3,4,4,3,3,2,2,2,3,2,2,2,4,3,4,2,3,1,1973-01-19,7,2,3,11,11,5,1,1,,0,0,1
294,7,1,5,3,2,2,1,1,1,1,1,5,5,6,4,6,5,4,6,5,4,6,5,6,3,1,,1,1,5,1,1,,,,,1,5,5,5,4,1,5,5,5,1,5,1,2,5,4,2,2,5,5,5,2,2,1,1966-06-04,7,3,2,10,6,3,1,1,,0,0,1
295,7,4,0,2,3,3,1,2,3,1,3,4,6,6,6,4,5,4,4,5,5,5,6,7,7,1,,1,1,6,2,7,2,1,1,1,2,4,3,3,2,2,4,2,4,2,3,2,2,3,2,2,1,4,4,4,4,2,1,1980-01-21,7,4,2,11,6,3,1,,,202.96.18.193,0,0
296,2,2,2,4,3,4,3,3,2,3,2,5,4,4,5,5,5,4,5,4,5,4,6,2,2,2,1,1,4,3,3,3,2,1,1,1,1,4,5,5,2,1,5,1,5,5,5,1,1,5,2,5,1,5,5,3,5,3,1,1969-06-02,6,3,2,7,6,5,1,1,,0,0,1
297,7,2,5,3,3,3,2,3,3,2,2,5,5,4,4,3,5,4,4,4,5,4,3,4,3,1,,1,1,5,1,1,,,,,2,4,4,4,3,2,4,2,3,1,4,1,1,4,2,2,2,5,4,4,2,2,1,1968-06-14,8,3,3,7,6,2,1,1,,0,0,1
298,7,4,25,2,3,3,3,3,3,2,2,4,5,3,4,3,5,5,4,4,4,3,6,8,2,1,,1,1,6,1,1,,,,,1,5,5,5,2,1,5,5,3,1,5,1,1,5,1,1,1,5,5,5,4,1,2,1979-01-02,6,2,6,11,6,5,1,1,,0,0,1
299,1,5,7,3,3,3,2,3,3,3,4,4,3,2,3,4,5,6,5,4,4,4,5,4,6,2,2,2,,,,,,,,,,,,,,,,,,,,,,,,,,,,,,,1,1976-10-04,7,1,2,9,5,3,1,1,,0,0,1
300,7,4,20,2,2,2,1,3,3,2,3,4,4,3,5,4,5,6,6,4,5,5,5,4,6,1,,1,4,6,3,2,1,2,1,1,1,4,1,4,2,2,4,4,3,2,4,2,2,3,2,2,2,4,4,4,3,4,1,1963-10-01,7,4,3,10,6,3,1,1,,202.96.60.61,0,1
301,7,3,8,4,3,3,2,2,3,2,2,5,5,4,6,3,5,3,3,5,3,3,4,9,7,1,,1,2,6,4,6,2,2,1,1,1,4,4,5,2,2,3,5,5,2,5,1,1,4,1,1,1,1,1,2,2,3,1,1977-12-03,6,3,3,10,3,2,1,1,,0,0,1
302,7,2,20,1,2,2,3,2,1,2,2,5,6,6,6,6,5,3,2,6,4,6,6,6,3,1,,1,4,6,2,2,1,1,1,1,1,5,5,5,2,1,5,5,4,1,4,1,1,5,4,1,1,5,5,5,1,3,1,1968-04-29,6,2,2,11,6,3,1,1,,0,0,1
303,7,2,0,4,3,3,4,3,4,2,3,4,5,4,4,4,4,5,5,4,4,4,4,1,2,1,,1,2,4,1,11,1,1,1,1,2,4,4,4,3,1,4,4,3,2,4,2,2,3,3,2,2,4,4,4,3,2,2,1978-04-08,6,2,2,9,7,3,1,1,,0,0,1
304,1,5,,,,,,,,,,,,,,,,,,,,,,,,,,,,,,,,,,,,,,,,,,,,,,,,,,,,,,,,,,,,,,,,,,,,219.238.181.193,304,0
305,7,1,0,3,3,2,4,1,1,1,2,5,6,5,6,2,4,4,4,4,2,6,4,7,7,1,,1,4,6,4,3,2,2,1,1,1,4,1,1,2,5,1,5,4,3,5,5,5,5,1,1,1,5,4,2,5,5,1,1971-02-19,8,3,2,10,3,,,,,61.51.55.71,305,0
306,10,,,,,,,,,,,,,,,,,,,,,,,,,,,,,,,,,,,,,,,,,,,,,,,,,,,,,,,,,,,,,,,,,,,,,61.51.55.71,305,0
307,10,7,1000,1,1,1,1,1,1,1,1,6,6,6,6,6,6,6,6,6,6,6,6,9,10,2,2,2,,,,,,,,,,,,,,,,,,,,,,,,,,,,,,,2,0001-01-01,1,99,1,12,,,,,,61.51.55.71,305,0
308,2,5,10,2,2,3,3,2,3,3,2,4,5,4,3,3,4,3,4,4,3,4,3,3,4,2,1,1,2,3,1,3,1,1,1,1,1,3,4,5,3,3,3,2,3,2,4,2,2,4,2,2,2,4,3,4,3,2,1,1981-01-07,7,3,3,10,7,3,1,1,,0,0,1
309,2,1,0,2,3,2,3,3,3,1,2,,,,,,,,,,,,,,,,,,,,,,,,,,,,,,,,,,,,,,,,,,,,,,,,,,,,,,,,,,,0,0,0
310,2,1,1,4,3,3,4,4,3,3,4,4,5,4,2,4,3,4,4,3,4,5,3,7,5,2,2,2,,,,,,,,,,,,,,,,,,,,,,,,,,,,,,,2,1984-06-03,7,5,10,2,6,3,1,1,,218.107.132.167,0,1
311,1,6,2,3,4,3,3,3,3,2,3,5,5,3,3,4,5,5,4,4,5,4,5,7,9,2,2,2,,,,,,,,,,,,,,,,,,,,,,,,,,,,,,,2,1971-02-14,4,3,13,3,5,3,,,,0,0,0
312,2,4,6,1,2,1,2,3,2,3,3,4,6,3,2,4,6,6,6,5,6,6,1,1,1,2,2,2,,,,,,,,,,,,,,,,,,,,,,,,,,,,,,,1,1976-12-09,7,6,5,3,6,1,1,1,,0,0,1
313,7,4,3,3,2,2,2,2,1,2,2,,,,,,,,,,,,,,,,,,,,,,,,,,,,,,,,,,,,,,,,,,,,,,,,,,,,,,,,,,,0,0,0
314,2,1,4,3,2,3,4,4,4,2,2,,,,,,,,,,,,,,,,,,,,,,,,,,,,,,,,,,,,,,,,,,,,,,,,,,,,,,,,,,,0,0,0
315,4,1,2,5,5,3,2,3,4,2,3,5,6,3,3,5,6,6,6,3,3,4,5,1,4,2,1,2,,,,,,,,,,,,,,,,,,,,,,,,,,,,,,,2,1971-11-15,9,5,3,8,11,5,1,1,,0,0,1
319,1,5,6,3,3,3,3,3,3,3,3,4,5,5,4,6,5,2,5,6,6,6,6,4,3,2,1,2,,,,,,,,,,,,,,,,,,,,,,,,,,,,,,,1,1975-01-03,6,3,5,9,7,2,1,1,http://www.socialpsy.org/survey2.php,0,0,1
320,7,3,5,3,3,3,2,3,3,1,2,4,6,5,6,4,5,4,5,5,5,5,5,4,6,1,,1,2,6,2,1,,,,,2,5,4,5,2,1,4,5,5,1,5,1,1,2,2,1,3,5,5,5,2,1,2,1979-12-16,6,5,13,8,4,1,,,http://www.socialpsy.org/survey2.php,0,0,0
321,2,5,6,3,2,1,1,2,2,2,2,5,5,5,6,4,5,4,5,5,5,5,4,3,4,2,1,1,1,2,1,11,2,1,1,1,2,2,2,3,1,2,4,4,3,2,4,2,2,5,2,4,2,5,5,5,3,1,1,1975-03-04,8,2,3,9,7,4,1,1,http://www.socialpsy.org/survey2.php,0,0,1
322,7,2,,,,,,,,,,,,,,,,,,,,,,,,,,,,,,,,,,,,,,,,,,,,,,,,,,,,,,,,,,,,,,,,,,,http://www.socialpsy.org/survey2.php,0,0,0
323,7,5,20,3,4,4,2,3,3,2,4,4,6,4,5,5,5,5,5,4,3,5,5,7,8,1,,1,3,5,3,7,2,1,1,1,1,4,4,4,3,2,4,4,3,2,4,2,1,4,3,2,3,5,4,4,3,2,1,1970-02-11,8,2,2,10,7,3,1,1,http://www.socialpsy.org/survey2.php,0,0,1
324,7,3,30,3,2,3,2,2,3,2,3,4,6,6,4,6,5,5,5,4,5,4,6,4,,,,,,,,,,,,,,,,,,,,,,,,,,,,,,,,,,,,,,,,,,,,,http://www.socialpsy.org/survey2.php,0,0,0
325,7,3,10,2,3,3,2,2,3,3,3,4,5,5,6,4,5,5,4,5,4,4,4,2,6,1,,1,2,,,,,,,,,,,,,,,,,,,,,,,,,,,,,,,,,,,,,,,,http://www.socialpsy.org/survey2.php,0,0,0
326,1,6,5,4,3,3,2,3,2,1,3,5,6,5,5,4,4,4,4,4,4,4,4,8,9,1,,1,2,3,1,1,,,,,1,5,4,5,4,1,5,5,4,1,5,1,1,5,2,4,1,5,4,4,2,2,1,1983-08-11,7,3,10,6,3,2,1,1,http://www.socialpsy.org/survey2.php,0,0,1
327,7,1,,,,,,,,,,,,,,,,,,,,,,,,,,,,,,,,,,,,,,,,,,,,,,,,,,,,,,,,,,,,,,,,,,,http://www.socialpsy.org/survey2.php,0,0,0
328,7,3,20,2,2,3,3,3,2,3,2,4,5,6,6,5,5,5,4,5,5,5,4,2,2,1,,1,3,5,2,5,2,1,1,1,2,4,5,4,2,2,4,3,2,1,4,1,1,4,1,1,1,5,5,5,1,2,1,1974-09-30,7,2,6,10,5,5,1,1,http://www.socialpsy.org/survey2.php,0,0,1
329,7,3,30,3,3,3,3,3,3,2,3,4,5,6,6,4,5,5,6,5,5,5,6,2,2,1,,1,4,6,3,11,2,1,1,1,1,4,4,4,2,2,4,4,4,2,2,2,2,4,4,2,2,4,4,4,2,3,1,1963-11-01,8,2,3,9,7,4,1,1,http://www.socialpsy.org/survey2.php,0,0,1
330,7,4,0,3,3,3,3,1,1,2,2,5,6,6,2,6,5,5,4,4,4,5,5,2,4,1,,1,4,6,3,2,1,1,1,1,1,5,4,3,3,5,4,3,5,2,5,1,1,5,3,2,2,4,5,5,3,4,1,1973-01-01,8,5,6,6,3,1,1,1,http://www.socialpsy.org/survey2.php,0,0,1
331,7,4,10,3,2,2,2,1,1,3,3,5,6,6,6,4,6,1,5,5,6,6,6,7,8,1,,1,3,6,2,1,,,,,2,4,2,3,2,1,4,4,4,4,4,1,1,4,2,2,2,4,3,2,2,2,1,,,,,,,,,,http://www.socialpsy.org/survey2.php,0,0,0
332,7,4,40,4,4,2,3,4,1,2,2,5,5,4,6,4,3,3,4,4,3,2,4,8,9,1,,1,2,6,4,11,2,1,1,1,4,2,3,3,4,2,4,5,4,3,3,1,1,3,1,3,2,4,4,3,3,3,1,1973-12-29,7,2,2,7,5,4,1,1,http://www.socialpsy.org/survey2.php,0,0,1
333,9,2,5,4,4,3,1,4,3,1,3,4,6,4,6,3,5,4,4,5,4,4,2,4,8,2,1,1,2,3,1,1,,,,,1,5,5,5,2,2,4,5,4,1,5,1,1,4,5,1,1,5,5,5,2,2,1,1978-10-13,7,1,3,,,,,,http://www.socialpsy.org/survey2.php,202.38.97.197,333,0
334,7,4,15,4,2,2,3,2,2,1,3,3,5,6,6,5,5,5,5,5,5,4,6,5,8,1,,1,2,6,2,11,2,1,1,1,1,4,5,5,1,3,4,5,3,1,5,1,1,5,5,2,1,5,5,5,2,1,2,1977-02-06,6,2,13,10,6,4,1,,http://www.socialpsy.org/survey2.php,0,0,0
335,1,3,2,4,3,4,3,3,4,4,2,5,6,5,4,5,3,4,6,3,4,4,3,8,9,2,2,2,,,,,,,,,,,,,,,,,,,,,,,,,,,,,,,1,1979-04-30,7,4,10,7,6,5,1,,http://www.socialpsy.org/survey1.php,219.238.181.193,304,0
336,9,2,5,,,,,,,,,,,,,,,,,,,,,,,,,,,,,,,,,,,,,,,,,,,,,,,,,,,,,,,,,,,,,,,,,,http://www.socialpsy.org/survey2.php,202.38.97.197,333,0
337,1,5,5,5,1,3,2,2,1,1,2,4,6,5,6,3,5,3,4,4,3,6,5,4,7,1,,1,2,4,1,7,1,1,1,1,1,4,4,5,2,2,4,4,3,2,5,1,1,4,3,3,2,4,5,4,1,2,1,1971-10-31,7,3,3,11,5,4,1,1,http://www.socialpsy.org/survey2.php,0,0,1
338,2,1,2,2,2,3,3,3,2,1,1,6,6,5,6,5,5,5,6,4,4,5,4,8,8,2,1,1,3,2,1,1,,,,,3,4,4,5,5,2,4,4,5,2,4,2,2,4,4,4,2,4,4,4,3,2,1,1974-04-20,7,3,3,10,5,4,1,,http://www.socialpsy.org/survey2.php,202.4.254.226,0,0
339,7,3,20,3,2,2,1,2,1,1,2,5,4,5,6,5,5,4,4,5,4,5,5,8,8,1,,1,2,6,2,12,1,1,1,1,1,4,5,5,4,2,5,2,5,2,2,1,1,2,5,4,2,1,5,5,2,2,1,1978-11-25,6,3,3,6,6,3,1,1,http://www.socialpsy.org/survey2.php,0,0,1
340,1,3,0,,,,,,,,,,,,,,,,,,,,,,,,,,,,,,,,,,,,,,,,,,,,,,,,,,,,,,,,,,,,,,,,,,http://www.socialpsy.org/survey3.php,0,0,0
341,2,6,6,1,1,1,1,1,1,1,1,5,6,6,6,4,6,4,6,6,6,6,6,4,6,2,1,1,1,1,,,,,,,,,,,,,,,,,,,,,,,,,,,,,2,1974-09-04,8,2,4,11,5,4,1,1,http://www.socialpsy.org/survey2.php,0,0,1
342,2,2,1,4,3,3,3,3,4,3,3,3,4,4,2,3,4,2,3,4,3,3,6,1,4,2,2,2,,,,,,,,,,,,,,,,,,,,,,,,,,,,,,,1,1983-10-23,7,3,10,3,6,3,1,1,http://www.socialpsy.org/survey3.php,0,0,1
343,2,5,6,,,,,,,,,,,,,,,,,,,,,,,,,,,,,,,,,,,,,,,,,,,,,,,,,,,,,,,,,,,,,,,,,,http://www.socialpsy.org/survey2.php,0,0,0
344,7,3,40,4,3,3,2,3,4,2,2,5,6,5,5,6,4,5,5,6,4,3,3,1,10,1,,1,3,4,3,1,,,,,1,4,3,4,4,3,4,5,5,1,5,2,1,5,2,2,1,5,5,5,2,2,1,1969-11-04,7,1,3,11,5,4,1,1,,0,0,1
345,7,1,5,3,2,2,2,2,2,2,2,5,6,4,4,4,5,5,5,5,4,5,4,1,8,1,,1,3,6,2,11,3,1,1,1,2,4,4,4,5,4,3,4,5,4,3,4,2,5,2,2,1,4,4,4,3,4,1,1972-10-28,7,4,2,10,5,2,1,1,http://www.socialpsy.org/survey2.php,0,0,1
346,5,4,10,3,1,3,1,2,2,2,3,4,5,4,4,4,5,2,4,4,4,5,5,4,6,2,1,1,2,3,2,2,1,1,1,1,1,4,4,4,2,1,5,5,4,2,4,1,2,5,2,2,2,4,4,4,2,2,1,1969-07-13,7,5,13,8,11,5,1,1,http://www.socialpsy.org/survey2.php,0,0,1
347,7,,,,,,,,,,,,,,,,,,,,,,,,,,,,,,,,,,,,,,,,,,,,,,,,,,,,,,,,,,,,,,,,,,,,http://www.socialpsy.org/survey2.php,0,0,0
348,5,4,10,3,3,2,2,3,4,3,3,3,5,3,4,3,6,4,2,5,2,3,2,4,2,1,,1,2,6,1,1,,,,,1,5,5,5,2,1,5,5,4,1,5,1,1,5,5,3,2,5,5,5,2,1,1,1979-12-18,8,2,1,10,11,5,1,1,http://www.socialpsy.org/survey2.php,0,0,1
349,7,2,12,3,3,3,3,1,2,1,1,6,6,5,6,5,5,4,5,6,5,6,6,5,7,1,,1,4,6,4,2,2,2,1,1,2,4,4,5,4,3,4,5,5,2,5,1,1,3,1,1,1,5,5,4,3,1,1,1972-03-13,6,5,4,6,1,2,1,1,http://www.socialpsy.org/survey2.php,0,0,1
350,10,,,,,,,,,,,,,,,,,,,,,,,,,,,,,,,,,,,,,,,,,,,,,,,,,,,,,,,,,,,,,,,,,,,,http://www.socialpsy.org/survey3.php,0,0,0
351,10,1,12,1,1,1,2,2,1,1,1,1,1,1,2,1,1,2,1,2,1,1,1,6,4,1,,1,4,5,3,8,1,2,3,3,1,1,1,1,1,1,1,1,1,1,1,1,1,1,1,1,1,1,1,1,1,1,1,1972-11-12,,,,,,,,,http://www.socialpsy.org/survey3.php,0,0,0
352,6,4,0,3,2,2,2,2,2,1,3,5,6,6,6,6,5,4,6,5,4,5,6,7,3,1,,1,2,3,2,1,,,,,2,5,5,5,1,1,5,5,3,1,5,1,1,5,5,5,5,5,5,5,5,3,2,1975-01-23,7,2,3,11,10,5,1,1,,202.96.60.61,0,1
353,1,3,2,3,2,1,1,3,1,1,2,6,6,4,5,4,6,6,5,5,6,6,6,4,6,2,2,2,,,,,,,,,,,,,,,,,,,,,,,,,,,,,,,1,1980-07-01,7,2,3,11,4,1,1,1,,0,0,1
354,9,3,0,,,,,,,,,,,,,,,,,,,,,,,,,,,,,,,,,,,,,,,,,,,,,,,,,,,,,,,,,,,,,,,,,,,61.49.229.225,354,0
355,9,3,0,4,3,4,3,4,3,3,3,,,,,,,,,,,,,,,,,,,,,,,,,,,,,,,,,,,,,,,,,,,,,,,,,,,,,,,,,,,61.49.229.225,354,0
356,9,3,0,4,4,3,3,4,4,2,3,3,6,6,3,6,5,5,5,5,4,4,5,1,,,,,,,,,,,,,,,,,,,,,,,,,,,,,,,,,,,,,,,,,,,,,,61.49.229.225,354,0
357,9,3,0,3,3,3,3,3,3,2,2,5,6,5,4,5,4,5,5,4,4,3,5,1,7,2,,,,,,,,,,,,,,,,,,,,,,,,,,,,,,,,,,,,,,,,,,,,61.49.229.225,354,0
358,2,6,10,1,1,1,1,1,1,1,1,6,6,6,6,6,6,6,6,6,6,6,6,2,4,2,2,1,1,2,1,1,,,,,1,5,5,5,1,1,5,3,5,1,5,1,1,5,2,2,2,5,4,4,2,2,1,1980-03-28,7,2,13,10,11,5,1,1,,0,0,1
359,9,3,0,3,3,3,3,3,3,2,2,5,6,5,4,5,4,5,5,4,4,4,4,,,,,,,,,,,,,,,,,,,,,,,,,,,,,,,,,,,,,,,,,,,,,,,61.49.229.225,354,0
360,1,3,5,4,4,4,4,3,3,2,2,5,5,4,4,4,4,5,4,4,4,4,1,1,1,2,2,2,,,,,,,,,,,,,,,,,,,,,,,,,,,,,,,1,1975-01-02,7,3,13,5,7,2,1,1,,0,0,1
361,1,2,2,3,2,2,3,3,3,3,4,2,2,1,3,2,5,5,4,4,4,2,1,3,4,2,2,2,,,,,,,,,,,,,,,,,,,,,,,,,,,,,,,1,1983-07-07,7,1,10,1,5,2,1,1,,0,0,1
362,9,5,3,,,,,,,,,,,,,,,,,,,,,,,,,,,,,,,,,,,,,,,,,,,,,,,,,,,,,,,,,,,,,,,,,,,0,0,0
363,4,5,10,3,2,3,2,2,2,2,2,4,4,4,4,4,5,5,4,5,5,4,4,4,6,2,2,2,,,,,,,,,,,,,,,,,,,,,,,,,,,,,,,2,1981-10-26,7,1,,,,,,,,0,0,0
364,1,1,0,4,3,4,1,3,3,3,2,4,3,5,5,5,6,6,6,5,5,5,6,4,6,2,2,1,2,6,2,3,1,1,1,1,3,2,3,4,4,2,5,2,4,4,4,1,1,4,2,1,2,4,4,3,4,4,1,1981-10-14,7,4,2,8,5,3,1,1,,0,0,1
365,9,1,0,4,4,4,4,4,5,3,4,4,5,2,1,1,2,4,5,2,2,1,2,1,4,2,2,2,,,,,,,,,,,,,,,,,,,,,,,,,,,,,,,1,1966-11-25,7,3,4,7,18,5,1,1,,0,0,1
366,1,4,121,1,1,2,1,1,2,1,2,1,1,2,2,2,2,1,2,2,2,1,2,1,8,2,2,1,2,5,2,10,2,2,1,2,,,,,,,,,,,,,,,,,,,,,,,,,,,,,,,,,http://www.socialpsy.org/survey3.php,0,0,0
367,4,5,230,3,3,4,3,4,3,3,4,3,6,5,3,5,5,5,4,4,5,5,6,3,2,2,2,2,,,,,,,,,,,,,,,,,,,,,,,,,,,,,,,2,1978-10-22,7,2,3,7,11,5,1,1,,0,0,1
368,1,3,,,,,,,,,,,,,,,,,,,,,,,,,,,,,,,,,,,,,,,,,,,,,,,,,,,,,,,,,,,,,,,,,,,,0,0,0
369,3,1,5,3,3,4,2,2,1,1,1,6,5,6,6,6,4,5,5,4,4,5,4,8,7,2,1,2,,,,,,,,,,,,,,,,,,,,,,,,,,,,,,,1,1977-08-21,7,3,2,11,6,4,1,1,,0,0,1
370,1,5,5,3,3,3,2,3,3,3,2,4,5,5,4,4,5,6,6,6,4,5,6,7,8,2,2,2,,,,,,,,,,,,,,,,,,,,,,,,,,,,,,,1,1982-02-18,6,3,3,5,,,,,,0,0,0
371,2,5,2,2,4,3,1,1,4,3,2,5,5,4,5,5,5,5,4,5,5,4,6,4,6,2,2,2,,,,,,,,,,,,,,,,,,,,,,,,,,,,,,,1,1985-09-05,4,3,10,9,,,,,,0,0,0
372,9,2,0,4,4,4,4,4,4,4,4,2,2,2,2,2,2,2,2,2,2,2,2,8,1,2,2,2,,,,,,,,,,,,,,,,,,,,,,,,,,,,,,,2,1989-02-01,4,3,10,5,17,5,1,,,0,0,0
373,1,4,0,4,4,4,4,4,4,4,4,4,4,4,4,4,5,6,5,4,4,4,4,1,1,2,2,2,,,,,,,,,,,,,,,,,,,,,,,,,,,,,,,1,1982-11-24,7,3,10,3,6,3,1,1,,0,0,1
374,7,2,0,3,3,3,3,4,4,5,4,2,4,2,2,4,4,6,6,6,5,3,6,2,2,1,,1,1,4,2,11,2,1,1,1,,,,,,,,,,,,,,,,,,,,,,,,,,,,,,,,,http://www.socialpsy.org/survey3.php,0,0,0
375,2,2,8,2,2,1,2,1,3,2,1,6,6,5,6,5,5,6,6,6,5,5,6,4,4,2,2,2,,,,,,,,,,,,,,,,,,,,,,,,,,,,,,,1,1980-04-20,7,2,2,9,3,1,,,,0,0,0
376,2,2,20,3,2,3,3,3,3,2,3,4,6,4,4,3,4,4,4,6,5,3,6,2,2,2,2,2,,,,,,,,,,,,,,,,,,,,,,,,,,,,,,,1,1981-08-13,6,4,10,5,11,5,1,1,,0,0,1
377,1,5,4,3,3,3,3,2,3,3,1,6,6,3,5,5,5,3,5,6,4,4,5,4,6,2,2,2,,,,,,,,,,,,,,,,,,,,,,,,,,,,,,,1,1978-07-26,6,2,2,4,6,5,1,1,,0,0,1
378,1,5,0,3,3,3,3,3,3,3,3,3,3,4,3,4,4,3,3,5,4,4,4,1,,,,,,,,,,,,,,,,,,,,,,,,,,,,,,,,,,,,,,,,,,,,,,0,0,0
379,2,5,7,4,4,4,4,4,4,4,4,3,3,2,5,2,3,4,4,4,4,3,3,3,4,2,1,1,4,5,2,9,1,1,1,1,1,5,5,5,1,1,5,1,1,4,5,1,1,5,5,1,1,5,5,5,1,1,1,1978-01-08,6,3,13,6,,,,,,61.48.41.121,379,0
380,2,5,7,4,4,4,4,4,4,4,4,2,2,2,2,2,2,2,2,2,2,2,2,3,4,2,2,1,4,5,2,9,1,1,1,1,1,5,5,5,1,1,5,1,1,4,5,1,1,5,1,1,1,5,5,5,1,1,1,1978-01-08,6,3,6,6,7,3,1,1,,61.48.41.121,379,1
381,2,4,3,4,3,3,1,3,2,2,1,5,5,5,5,4,6,6,5,6,4,5,4,3,6,,,,,,,,,,,,,,,,,,,,,,,,,,,,,,,,,,,,,,,,,,,,,0,0,0
382,9,3,0,2,3,1,1,2,3,2,2,5,4,5,6,4,4,5,5,4,5,6,6,8,4,2,2,1,3,3,1,1,,,,,1,3,2,3,2,4,2,4,3,2,2,3,4,3,2,1,2,3,3,3,2,5,1,1976-09-09,6,2,1,7,10,5,1,1,,0,0,1
383,4,2,4,2,1,2,3,1,1,2,2,2,2,2,2,2,3,2,3,3,3,3,3,3,4,2,1,2,,,,,,,,,,,,,,,,,,,,,,,,,,,,,,,1,1980-04-27,7,4,10,7,10,5,1,1,,0,0,1
384,11,2,10,3,4,4,4,4,5,4,3,4,5,4,2,3,3,3,4,3,3,3,5,8,7,2,1,2,,,,,,,,,,,,,,,,,,,,,,,,,,,,,,,2,1975-07-25,4,4,11,3,18,1,1,,,0,0,0
385,2,1,0,4,3,2,2,4,3,2,4,5,5,2,5,4,6,6,6,6,5,5,5,2,6,2,2,2,,,,,,,,,,,,,,,,,,,,,,,,,,,,,,,2,1981-06-20,8,5,10,9,6,3,1,1,,0,0,1
386,10,3,1,3,3,3,3,3,3,3,3,4,4,4,4,4,4,4,4,4,4,4,4,,,,,,,,,,,,,,,,,,,,,,,,,,,,,,,,,,,,,,,,,,,,,,,0,0,0
387,2,5,,,,,,,,,,,,,,,,,,,,,,,,,,,,,,,,,,,,,,,,,,,,,,,,,,,,,,,,,,,,,,,,,,,,0,0,0
388,2,1,0,2,2,2,2,3,3,3,4,4,5,4,1,3,6,5,5,5,4,3,1,4,6,2,1,2,,,,,,,,,,,,,,,,,,,,,,,,,,,,,,,2,1984-01-06,7,3,10,4,,,,,,218.246.68.100,0,0
389,10,1,10,3,3,3,3,3,4,3,4,4,5,5,1,4,6,5,4,5,4,4,6,3,4,2,2,2,,,,,,,,,,,,,,,,,,,,,,,,,,,,,,,1,1983-11-19,6,5,10,5,11,5,1,1,,0,0,1
390,2,2,2,4,3,3,2,3,3,2,2,5,5,5,5,4,5,5,5,4,4,4,3,4,6,2,2,2,,,,,,,,,,,,,,,,,,,,,,,,,,,,,,,2,1984-10-27,7,3,10,8,6,2,1,1,,0,0,1
391,2,5,,,,,,,,,,,,,,,,,,,,,,,,,,,,,,,,,,,,,,,,,,,,,,,,,,,,,,,,,,,,,,,,,,,,0,0,0
392,1,5,,,,,,,,,,,,,,,,,,,,,,,,,,,,,,,,,,,,,,,,,,,,,,,,,,,,,,,,,,,,,,,,,,,,211.160.91.33,392,0
393,1,4,10,2,2,3,3,2,3,3,3,2,6,4,4,3,3,5,4,5,3,3,5,1,3,1,,2,,,,,,,,,,,,,,,,,,,,,,,,,,,,,,,2,1960-05-08,6,3,4,3,5,4,1,1,,211.160.91.33,392,1
394,7,4,,,,,,,,,,,,,,,,,,,,,,,,,,,,,,,,,,,,,,,,,,,,,,,,,,,,,,,,,,,,,,,,,,,,210.79.241.193,394,0
395,7,4,20,3,4,4,4,1,3,3,3,4,5,3,1,1,4,6,6,2,4,5,6,1,5,1,,2,,,,,,,,,,,,,,,,,,,,,,,,,,,,,,,2,1992-06-22,3,5,10,8,5,4,1,1,,210.79.241.193,394,1
396,9,3,2,4,3,2,3,4,3,3,3,4,5,4,4,5,4,5,4,5,4,4,5,2,6,2,2,2,,,,,,,,,,,,,,,,,,,,,,,,,,,,,,,1,1979-04-07,6,3,4,2,7,2,1,1,,0,0,1
397,9,2,2,4,5,3,4,4,4,4,4,4,2,1,2,3,3,6,1,1,3,2,3,1,4,2,1,1,1,3,2,2,1,1,1,1,1,1,5,1,5,1,5,5,1,1,5,1,1,5,5,1,1,5,5,5,1,5,1,1971-10-18,3,3,2,3,7,2,1,1,,0,0,1
398,1,6,2,3,3,3,3,3,3,1,1,6,6,4,5,4,6,5,6,5,5,6,6,7,6,1,,2,,,,,,,,,,,,,,,,,,,,,,,,,,,,,,,2,1982-02-11,7,3,13,8,5,3,1,1,,0,0,1
399,2,3,1,2,2,4,2,3,2,3,3,3,3,3,4,3,5,6,5,3,4,4,4,1,1,2,2,2,,,,,,,,,,,,,,,,,,,,,,,,,,,,,,,1,1980-04-30,8,3,3,7,6,2,1,1,,0,0,1
400,9,1,0,4,4,3,3,3,4,3,4,4,3,2,2,2,5,5,3,4,2,4,5,1,1,2,2,2,,,,,,,,,,,,,,,,,,,,,,,,,,,,,,,1,1986-03-07,7,4,10,3,6,3,1,1,,0,0,1
401,9,,,,,,,,,,,,,,,,,,,,,,,,,,,,,,,,,,,,,,,,,,,,,,,,,,,,,,,,,,,,,,,,,,,,,0,0,0
402,2,7,10,1,1,1,2,1,1,1,1,,,,,,,,,,,,,,,,,,,,,,,,,,,,,,,,,,,,,,,,,,,,,,,,,,,,,,,,,,,218.107.131.130,0,0
403,7,2,0,3,3,3,3,2,3,2,2,4,6,5,5,4,5,5,5,5,4,5,6,2,2,1,,1,4,6,3,2,1,1,1,1,1,5,5,5,1,1,5,5,2,1,5,1,1,5,1,1,1,5,5,5,2,1,1,1960-02-04,8,3,2,10,5,3,1,1,,0,0,1
404,1,5,40,3,2,2,2,3,3,3,2,,,,,,,,,,,,,,,,,,,,,,,,,,,,,,,,,,,,,,,,,,,,,,,,,,,,,,,,,,,0,0,0
405,4,2,5,4,4,2,2,2,3,2,3,,,,,,,,,,,,,,,,,,,,,,,,,,,,,,,,,,,,,,,,,,,,,,,,,,,,,,,,,,,0,0,0
406,4,5,3,4,2,3,3,4,3,2,3,3,5,3,4,5,3,5,5,2,5,2,2,4,4,2,2,2,,,,,,,,,,,,,,,,,,,,,,,,,,,,,,,2,1980-03-31,7,2,3,8,8,5,1,1,,0,0,1
407,2,5,2,4,2,3,2,2,1,1,2,5,6,6,6,5,4,5,5,5,4,5,4,6,4,1,,2,,,,,,,,,,,,,,,,,,,,,,,,,,,,,,,2,1983-07-01,7,3,2,6,2,1,1,1,,0,0,1
408,9,1,1,2,1,2,1,2,1,1,2,6,6,6,6,6,6,6,6,6,6,6,6,4,6,2,2,2,,,,,,,,,,,,,,,,,,,,,,,,,,,,,,,1,1976-03-26,8,1,2,6,2,2,1,1,,0,0,1
409,2,3,3,5,3,4,4,4,3,1,3,4,5,3,3,4,4,6,6,2,3,2,6,5,9,2,2,2,,,,,,,,,,,,,,,,,,,,,,,,,,,,,,,2,1979-01-27,6,4,6,4,6,4,1,1,,0,0,1
410,1,1,0,4,5,4,5,5,5,4,5,2,2,2,1,2,1,2,2,1,2,2,2,1,1,2,2,2,,,,,,,,,,,,,,,,,,,,,,,,,,,,,,,2,1985-09-13,7,5,10,2,2,3,1,1,,218.246.68.100,0,1
411,2,3,4,2,3,4,3,3,3,3,3,3,4,2,4,2,3,2,2,3,4,1,4,7,2,2,1,1,2,3,1,1,,,,,2,1,4,4,3,1,4,2,3,3,2,3,2,3,2,3,2,1,2,2,3,2,2,1981-08-08,6,4,13,7,3,1,1,1,,0,0,1
412,2,2,2,2,1,2,1,2,1,3,2,5,4,5,6,4,5,5,5,5,4,5,4,4,6,2,1,1,1,3,1,1,,,,,2,4,4,3,2,2,4,5,4,1,5,1,1,4,2,2,2,5,5,5,3,3,2,1980-01-18,7,2,2,10,5,2,1,1,,0,0,1
413,2,5,5,4,3,3,2,3,2,1,2,5,5,4,4,3,4,3,5,5,4,5,5,8,3,1,,2,,,,,,,,,,,,,,,,,,,,,,,,,,,,,,,1,1968-12-01,7,3,9,8,5,3,1,1,,0,0,1
414,9,2,0,3,3,3,1,3,1,2,1,6,5,4,2,6,3,6,6,4,4,5,4,8,1,2,2,1,4,6,4,2,2,1,1,1,4,4,4,4,4,1,4,4,5,2,4,1,1,4,1,1,1,4,4,4,4,1,1,1948-03-02,5,2,12,5,7,2,1,1,,0,0,1
415,1,4,2,3,2,2,2,3,3,3,2,4,5,4,5,3,5,5,5,5,3,5,4,1,8,2,2,2,,,,,,,,,,,,,,,,,,,,,,,,,,,,,,,2,1982-12-09,6,3,13,9,6,2,1,1,,0,0,1
416,2,4,6,5,1,4,3,3,3,2,3,2,6,2,1,3,5,2,5,4,5,2,2,7,8,2,1,2,,,,,,,,,,,,,,,,,,,,,,,,,,,,,,,2,1976-08-01,9,2,3,10,8,4,1,1,,0,0,1
417,10,2,5,3,4,4,3,3,3,3,3,4,6,6,5,6,4,5,5,4,4,5,6,8,7,2,2,2,,,,,,,,,,,,,,,,,,,,,,,,,,,,,,,1,1991-08-18,3,3,10,5,5,5,1,1,,0,0,1
418,7,5,25,4,3,2,4,2,3,1,2,4,5,6,3,6,4,5,5,5,3,3,4,1,6,1,,1,2,6,2,2,1,1,1,1,1,4,5,5,3,2,3,4,4,1,4,2,2,4,2,3,2,4,5,5,4,2,1,1977-09-01,6,,,,,,,,,0,0,0
419,4,1,0,4,3,4,2,3,3,4,4,4,3,5,3,3,6,6,4,4,4,2,2,4,6,2,2,2,,,,,,,,,,,,,,,,,,,,,,,,,,,,,,,1,1980-04-16,7,2,,,,,,,,0,0,0
420,2,1,,,,,,,,,,,,,,,,,,,,,,,,,,,,,,,,,,,,,,,,,,,,,,,,,,,,,,,,,,,,,,,,,,,,219.232.34.6,420,0
421,2,1,15,3,2,2,2,3,2,2,3,4,6,4,4,4,5,6,5,5,4,3,4,4,1,,,,,,,,,,,,,,,,,,,,,,,,,,,,,,,,,,,,,,,,,,,,,219.232.34.6,420,0
422,2,2,2,4,3,4,5,3,5,4,4,2,4,2,5,2,5,2,5,5,4,2,6,2,,,,,,,,,,,,,,,,,,,,,,,,,,,,,,,,,,,,,,,,,,,,,,0,0,0
423,1,3,0,4,3,4,3,3,4,3,4,2,2,1,2,1,4,4,4,2,4,1,2,1,1,1,,2,,,,,,,,,,,,,,,,,,,,,,,,,,,,,,,2,1982-10-05,8,4,10,3,,,,,,218.107.132.158,0,0
424,2,2,3,3,3,3,3,3,3,3,3,4,6,4,4,4,4,6,6,6,6,4,6,1,1,2,2,2,,,,,,,,,,,,,,,,,,,,,,,,,,,,,,,1,1980-04-12,7,1,13,4,5,4,1,1,,0,0,1
425,2,2,2,4,3,4,3,4,3,4,4,1,3,1,4,3,4,5,4,3,5,4,6,1,2,2,2,2,,,,,,,,,,,,,,,,,,,,,,,,,,,,,,,1,1981-01-08,7,4,2,5,5,3,1,1,,0,0,1
426,2,4,4,,,,,,,,,,,,,,,,,,,,,,,,,,,,,,,,,,,,,,,,,,,,,,,,,,,,,,,,,,,,,,,,,,,0,0,0
427,1,1,0,3,3,2,2,3,2,2,2,4,5,6,4,4,5,5,4,4,4,5,5,4,6,2,2,2,,,,,,,,,,,,,,,,,,,,,,,,,,,,,,,,,,,,,,,,,,0,0,0
428,2,6,10,3,3,2,1,2,2,3,2,5,5,5,6,5,5,6,6,6,5,5,5,4,6,2,2,1,2,3,1,1,,,,,1,5,4,2,2,1,4,2,2,1,4,2,1,4,5,2,2,5,5,2,1,1,1,1977-02-05,7,2,5,6,7,4,1,1,,0,0,1
429,9,5,0,,,,,,,,,,,,,,,,,,,,,,,,,,,,,,,,,,,,,,,,,,,,,,,,,,,,,,,,,,,,,,,,,,,0,0,0
430,1,3,4,2,3,3,2,3,3,2,2,3,5,5,4,4,5,5,6,5,5,4,3,1,6,2,2,1,1,3,1,1,,,,,1,4,5,5,1,1,5,4,5,1,5,1,1,5,4,2,2,5,5,5,2,1,1,1979-02-14,7,4,3,11,6,2,1,1,,0,0,1
431,10,1,0,3,4,2,3,3,4,4,5,2,2,1,2,1,3,5,4,1,2,2,2,2,4,2,2,2,,,,,,,,,,,,,,,,,,,,,,,,,,,,,,,2,1980-01-13,8,3,7,4,6,2,1,1,,0,0,1
432,1,4,4,3,3,3,4,2,2,2,3,4,5,4,5,4,5,6,5,4,5,5,3,2,4,2,2,2,,,,,,,,,,,,,,,,,,,,,,,,,,,,,,,2,1980-02-14,8,2,10,9,10,5,1,1,,0,0,1
433,,,,,,,,,,,,,,,,,,,,,,,,,,,,,,,,,,,,,,,,,,,,,,,,,,,,,,,,,,,,,,,,,,,,,,61.149.12.239,433,0
434,2,1,2,3,3,3,3,3,3,3,3,4,4,4,5,3,4,5,5,4,5,4,5,2,6,2,2,1,1,3,1,1,,,,,1,2,5,5,2,1,5,5,1,1,5,1,1,5,5,2,1,2,5,5,1,2,2,1981-10-28,6,,,,,,,,,61.149.12.239,433,0
435,2,2,2,2,3,3,1,1,3,2,2,4,5,4,6,4,5,5,5,4,6,5,4,4,10,2,1,1,2,3,1,1,,,,,1,5,5,4,3,2,4,4,4,2,4,1,1,4,5,4,4,5,5,5,2,1,2,1973-02-01,6,5,6,4,3,2,1,1,,0,0,1
436,1,4,4,3,3,3,3,3,2,2,1,6,6,4,5,3,2,4,6,2,3,4,6,8,9,2,1,1,4,5,2,1,,,,,1,2,2,2,1,1,5,3,5,1,5,1,1,5,2,1,1,5,5,5,2,1,1,1974-06-14,5,2,3,5,11,5,1,1,,0,0,1
437,2,2,3,2,2,2,2,2,2,2,4,4,6,4,4,4,5,5,5,5,5,5,4,2,6,2,2,2,,,,,,,,,,,,,,,,,,,,,,,,,,,,,,,2,1978-02-09,6,1,2,6,10,5,1,1,,0,0,1
438,2,4,3,3,3,2,2,5,4,1,2,3,5,5,3,4,4,2,4,4,2,2,5,8,8,2,2,1,1,3,1,1,,,,,3,5,5,5,4,2,5,5,3,2,5,1,1,5,4,4,2,5,5,5,3,1,1,1980-02-29,7,4,5,11,6,5,1,1,,0,0,1
439,2,4,15,4,3,3,2,3,2,2,2,4,6,3,5,4,6,6,5,4,6,5,6,1,6,2,2,2,,,,,,,,,,,,,,,,,,,,,,,,,,,,,,,2,1978-11-08,7,2,2,10,7,4,1,1,,0,0,1
440,10,1,,,,,,,,,,,,,,,,,,,,,,,,,,,,,,,,,,,,,,,,,,,,,,,,,,,,,,,,,,,,,,,,,,,,0,0,0
441,2,4,8,2,2,2,1,2,2,3,2,4,4,4,6,4,5,6,5,5,3,4,3,2,1,2,2,1,3,1,,,,,,,,,,,,,,,,,,,,,,,,,,,,,2,1977-04-01,8,2,11,10,2,2,1,1,,0,0,1
442,1,7,2,3,3,3,3,3,3,1,2,5,6,4,5,4,3,5,5,5,4,3,5,8,8,2,2,1,1,,,,,,,,,,,,,,,,,,,,,,,,,,,,,,,,,,,,,,,,,0,0,0
443,2,5,6,3,3,3,3,3,3,2,2,4,5,5,5,5,5,4,5,5,4,5,5,7,7,1,,1,3,3,1,1,,,,,1,4,4,4,2,2,4,4,4,2,4,2,2,4,2,2,2,4,4,4,2,2,1,1981-02-03,6,4,3,4,6,1,1,1,,0,0,1
444,9,5,2,4,4,4,2,3,4,2,4,6,6,2,6,2,5,5,3,3,4,2,4,8,6,2,1,1,1,2,1,1,,,,,1,5,5,5,4,1,5,4,5,1,5,1,1,5,1,1,5,5,5,5,5,1,1,1979-05-10,6,3,6,7,6,3,1,1,,0,0,1
445,3,2,50,3,3,3,3,4,3,2,4,3,4,4,6,3,5,5,4,4,4,4,5,1,3,2,1,1,2,3,1,1,,,,,3,4,4,4,3,2,4,4,5,2,5,2,1,4,4,4,3,4,5,5,3,2,1,1979-12-15,7,3,3,8,5,2,1,1,,0,0,1
446,2,3,6,3,2,2,2,2,3,1,2,5,6,5,6,5,5,5,5,5,5,5,4,8,8,2,1,1,2,1,,,,,,,,,,,,,,,,,,,,,,,,,,,,,1,1979-06-15,7,2,13,9,7,3,1,1,,0,0,1
447,1,6,,,,,,,,,,,,,,,,,,,,,,,,,,,,,,,,,,,,,,,,,,,,,,,,,,,,,,,,,,,,,,,,,,,,0,0,0
448,9,3,0,3,3,3,3,3,3,2,2,4,4,4,5,5,5,3,5,5,5,4,5,4,6,2,2,2,,,,,,,,,,,,,,,,,,,,,,,,,,,,,,,1,1980-04-03,8,0,10,3,,,,,,0,0,0
449,1,2,0,3,1,2,2,3,3,1,1,5,6,4,4,4,5,6,5,6,5,4,4,2,6,2,2,2,,,,,,,,,,,,,,,,,,,,,,,,,,,,,,,2,,,,,,,,,,http://www.socialpsy.org/survey3.php,0,0,0
450,2,3,3,3,3,3,3,4,4,3,3,3,4,4,3,3,4,4,3,4,5,3,3,2,6,2,2,2,,,,,,,,,,,,,,,,,,,,,,,,,,,,,,,2,1981-09-13,7,4,1,5,14,5,1,1,,0,0,1
451,9,2,10,3,4,5,1,4,4,4,4,4,5,3,4,4,1,5,1,2,5,4,1,4,8,2,1,2,,,,,,,,,,,,,,,,,,,,,,,,,,,,,,,2,1985-03-02,7,3,10,7,2,2,1,1,,0,0,1
452,2,2,4,2,3,3,3,4,2,3,4,4,5,4,4,4,4,5,4,5,4,3,5,4,6,2,1,2,,,,,,,,,,,,,,,,,,,,,,,,,,,,,,,2,1985-05-06,7,3,10,9,5,2,1,1,,0,0,1
453,7,4,0,3,2,1,1,2,2,2,3,5,6,5,6,5,5,5,5,1,4,5,4,2,3,1,,1,4,6,3,2,2,1,1,1,1,4,4,4,3,2,5,4,5,3,3,2,2,4,1,1,1,1,5,5,3,3,1,1969-12-17,7,2,,,,,,,,0,0,0
454,2,4,8,3,3,3,3,3,4,3,3,4,5,4,2,3,5,4,5,5,5,4,6,3,6,1,,1,2,3,1,1,,,,,3,4,4,4,3,2,3,3,4,2,5,2,2,4,3,3,2,4,4,4,2,3,1,1982-01-05,6,6,13,7,11,5,1,1,,0,0,1
455,1,1,2,5,4,4,4,3,2,3,2,3,3,3,2,2,3,6,5,4,6,2,5,1,4,2,2,1,1,2,1,1,,,,,1,4,5,4,2,1,5,5,5,2,5,2,2,5,5,5,5,5,5,5,4,1,2,1982-06-22,8,4,10,6,5,5,1,1,,0,0,1
456,5,3,,,,,,,,,,,,,,,,,,,,,,,,,,,,,,,,,,,,,,,,,,,,,,,,,,,,,,,,,,,,,,,,,,,,218.107.132.167,0,0
457,1,2,2,3,3,3,3,3,4,4,4,2,2,2,4,2,5,5,4,2,4,3,2,1,1,2,2,1,3,2,1,1,,,,,2,4,5,5,1,2,5,5,4,1,5,1,1,4,4,4,4,4,4,4,2,2,1,1976-10-25,8,1,3,6,6,4,1,1,,0,0,1
458,1,6,6,2,2,3,2,3,3,2,3,3,4,2,2,2,4,5,3,3,2,4,4,4,6,2,1,1,4,1,,,,,,,,,,,,,,,,,,,,,,,,,,,,,2,1977-05-10,6,3,5,9,7,4,1,1,,0,0,1
459,2,6,10,3,2,3,3,4,3,4,3,2,5,2,3,4,5,5,5,3,4,4,4,1,3,2,2,2,,,,,,,,,,,,,,,,,,,,,,,,,,,,,,,1,1983-05-12,7,3,10,3,11,5,1,1,,0,0,1
460,4,2,5,3,2,2,2,4,1,2,4,4,5,3,4,2,5,5,5,6,2,5,3,4,9,2,2,2,,,,,,,,,,,,,,,,,,,,,,,,,,,,,,,2,1987-02-17,6,3,10,8,12,5,1,1,,0,0,1
461,4,1,6,4,4,4,2,2,4,3,3,4,4,4,4,4,4,4,4,4,4,4,4,2,1,2,1,2,,,,,,,,,,,,,,,,,,,,,,,,,,,,,,,1,1978-09-06,9,1,2,7,1,1,1,1,,0,0,1
462,4,4,0,,,,,,,,,,,,,,,,,,,,,,,,,,,,,,,,,,,,,,,,,,,,,,,,,,,,,,,,,,,,,,,,,,,211.167.39.254,462,0
463,4,4,1,3,3,3,3,3,3,3,3,4,5,4,1,3,5,5,4,5,3,4,4,5,5,2,2,2,,,,,,,,,,,,,,,,,,,,,,,,,,,,,,,2,1985-11-05,7,5,10,7,5,5,1,1,,211.167.39.254,462,1
464,2,6,0,4,2,2,2,2,2,1,2,5,6,4,6,5,6,3,5,5,4,6,4,6,3,1,,1,4,3,2,2,1,1,1,1,1,5,5,5,1,1,5,5,5,1,5,1,1,5,1,2,1,5,5,5,2,1,2,1950-01-10,6,2,12,5,6,4,1,1,,0,0,1
465,3,5,30,3,2,2,1,3,2,2,2,3,5,3,6,5,6,6,6,6,6,6,5,4,6,2,1,2,,,,,,,,,,,,,,,,,,,,,,,,,,,,,,,2,1963-07-13,8,3,2,7,7,2,1,1,,0,0,1
466,4,,,,,,,,,,,,,,,,,,,,,,,,,,,,,,,,,,,,,,,,,,,,,,,,,,,,,,,,,,,,,,,,,,,,,219.142.137.75,466,0
467,2,3,2,3,4,4,4,5,4,5,3,3,2,2,4,3,3,4,3,5,5,3,4,1,6,2,2,2,,,,,,,,,,,,,,,,,,,,,,,,,,,,,,,2,1981-10-26,8,2,10,7,6,3,1,1,,219.142.137.75,466,1
468,5,4,8,3,2,2,3,3,3,3,3,4,6,3,5,3,4,5,5,4,4,3,5,,,,,,,,,,,,,,,,,,,,,,,,,,,,,,,,,,,,,,,,,,,,,,,0,0,0
469,7,3,30,3,4,3,2,1,1,3,2,3,6,6,6,6,4,4,5,5,5,3,6,4,7,1,,1,1,4,1,1,,,,,1,4,5,3,1,1,5,2,5,1,5,1,1,1,3,1,1,5,5,5,1,1,2,1971-11-04,7,3,2,6,13,5,1,1,,0,0,1
470,1,4,10,3,3,4,4,3,3,4,4,4,5,2,5,3,4,5,5,5,5,4,4,3,4,2,2,1,2,2,1,1,,,,,1,5,5,5,3,1,5,2,5,1,5,1,1,5,5,3,1,5,5,5,2,1,1,1981-05-01,7,2,3,11,11,5,1,1,,0,0,1
471,1,1,0,3,2,2,3,2,3,2,4,3,5,2,4,5,6,6,5,5,5,5,4,1,1,2,2,2,,,,,,,,,,,,,,,,,,,,,,,,,,,,,,,1,1977-08-17,9,2,10,6,6,5,1,1,http://www.socialpsy.org/survey3.php,0,0,1
472,2,1,2,2,3,3,2,4,4,3,4,2,5,1,1,3,5,5,5,5,5,3,5,4,4,2,1,1,2,3,1,1,,,,,1,4,5,5,4,1,5,4,4,1,5,1,1,4,4,4,1,5,5,5,2,1,2,1978-11-26,8,3,1,11,5,3,1,1,,0,0,1
473,4,5,6,3,2,3,3,4,3,3,4,2,3,4,3,4,3,2,4,5,4,5,3,2,5,2,2,2,,,,,,,,,,,,,,,,,,,,,,,,,,,,,,,1,1980-06-03,7,1,6,5,8,4,1,1,,0,0,1
474,9,4,5,3,3,3,4,4,4,3,2,5,3,4,4,5,4,4,5,4,3,3,4,8,6,2,2,2,,,,,,,,,,,,,,,,,,,,,,,,,,,,,,,1,1964-08-31,6,2,3,5,2,2,1,1,,0,0,1
475,1,5,4,3,4,2,4,2,3,2,1,5,5,3,1,2,5,4,1,4,6,3,2,8,9,2,2,1,1,3,1,1,,,,,2,3,1,2,3,5,4,3,2,3,3,3,4,1,2,3,2,4,3,5,5,3,,,,,,,,,,,,0,0,0
476,1,7,4,4,4,3,4,4,4,2,3,4,5,3,3,3,4,3,5,5,3,3,5,7,8,2,2,1,1,3,1,7,2,1,1,1,,,,,,,,,,,,,,,,,,,,,,,,,,,,,,,,,,61.149.77.101,476,0
477,2,2,3,3,3,4,3,3,3,2,2,5,5,3,6,5,5,4,5,3,5,4,5,3,4,1,,1,4,4,1,1,,,,,2,4,5,3,2,2,4,4,2,2,4,2,2,4,4,4,2,4,4,4,2,2,2,1971-03-12,7,2,2,8,1,2,1,1,,0,0,1
478,1,6,2,2,3,3,3,3,3,1,2,5,6,3,5,5,4,6,5,4,3,4,3,9,4,2,2,2,,,,,,,,,,,,,,,,,,,,,,,,,,,,,,,2,1979-12-05,5,2,13,5,6,5,1,1,,0,0,1
479,1,7,4,3,3,2,4,4,4,2,3,3,5,4,3,4,3,4,5,3,4,4,5,3,8,2,2,,,,,,,,,,,,,,,,,,,,,,,,,,,,,,,,,,,,,,,,,,,61.149.77.101,476,0
480,1,7,,,,,,,,,,,,,,,,,,,,,,,,,,,,,,,,,,,,,,,,,,,,,,,,,,,,,,,,,,,,,,,,,,,,61.149.77.101,476,0
481,1,7,4,3,3,3,3,4,4,2,3,3,5,4,3,4,3,4,5,4,4,3,4,2,8,2,2,1,1,3,1,7,2,1,1,1,1,5,3,4,2,3,4,5,4,2,5,1,1,5,4,4,2,5,5,5,2,1,1,1983-01-06,4,2,6,2,11,5,1,1,,61.149.77.101,476,1
482,2,,,,,,,,,,,,,,,,,,,,,,,,,,,,,,,,,,,,,,,,,,,,,,,,,,,,,,,,,,,,,,,,,,,,,0,0,0
483,7,2,0,3,4,4,4,3,3,4,3,5,3,2,1,2,5,5,4,2,4,3,2,5,6,2,2,1,2,3,1,11,,,,,,,,,,,,,,,,,,,,,,,,,,,,,,,,,,,,,,0,0,0
484,2,4,4,3,2,4,3,4,4,2,1,6,5,5,4,4,3,6,5,5,4,4,3,1,1,2,1,1,1,2,1,1,,,,,3,4,4,2,3,3,3,4,3,3,4,3,3,3,3,2,3,3,4,4,3,3,1,1985-05-01,6,6,10,7,14,5,1,1,,0,0,1
485,9,2,0,,,,,,,,,,,,,,,,,,,,,,,,,,,,,,,,,,,,,,,,,,,,,,,,,,,,,,,,,,,,,,,,,,,0,0,0
486,9,4,2,3,3,3,3,2,2,2,2,5,5,4,4,4,5,5,5,4,6,4,3,9,10,2,2,2,,,,,,,,,,,,,,,,,,,,,,,,,,,,,,,2,1964-07-14,7,3,2,8,7,2,1,1,,0,0,1
487,9,3,0,3,3,4,2,4,4,2,4,3,6,4,4,3,4,5,2,5,3,2,3,1,1,2,2,2,,,,,,,,,,,,,,,,,,,,,,,,,,,,,,,2,1977-04-28,8,4,3,2,2,1,1,1,,0,0,1
488,1,1,0,,,,,,,,,,,,,,,,,,,,,,,,,,,,,,,,,,,,,,,,,,,,,,,,,,,,,,,,,,,,,,,,,,,0,0,0
489,2,4,4,1,3,4,3,3,3,2,5,6,5,1,2,4,3,6,5,3,2,4,6,2,2,2,2,2,,,,,,,,,,,,,,,,,,,,,,,,,,,,,,,1,1978-11-18,6,2,3,5,10,4,1,1,,0,0,1
490,2,1,2,3,3,3,3,3,2,4,4,4,3,4,4,4,4,5,3,4,4,4,3,2,2,2,2,1,3,2,1,1,,,,,1,4,4,4,2,2,4,4,4,2,3,2,2,4,3,3,3,4,4,4,3,2,1,1978-04-01,8,1,10,3,6,3,1,1,,0,0,1
491,1,6,4,3,2,3,3,3,2,2,3,3,5,1,1,2,5,6,4,5,6,4,6,1,1,2,2,2,,,,,,,,,,,,,,,,,,,,,,,,,,,,,,,2,1981-06-01,6,2,6,3,8,4,1,1,,0,0,1
492,4,5,8,3,1,3,1,3,2,1,2,4,5,4,3,3,6,4,4,5,3,3,2,4,6,2,2,1,3,2,1,1,,,,,,,,,,,,,,,,,,,,,,,,,,,,,,,,,,,,,,0,0,0
493,1,1,0,3,3,3,4,4,4,4,3,4,5,4,2,5,5,5,5,5,5,5,3,2,,,,,,,,,,,,,,,,,,,,,,,,,,,,,,,,,,,,,,,,,,,,,,0,0,0
494,1,3,1,3,2,1,2,1,1,1,1,5,6,5,6,4,5,4,6,6,4,6,4,6,4,2,2,1,1,3,1,1,,,,,1,5,5,5,1,1,1,2,2,1,5,1,1,5,5,5,5,5,5,5,4,1,2,1981-09-25,7,3,3,3,6,3,1,1,,0,0,1
495,7,3,8,3,3,2,3,3,2,2,2,4,5,6,6,5,5,4,6,5,4,4,5,5,4,1,,1,3,6,3,2,2,1,1,1,1,5,5,5,1,1,5,5,5,1,5,1,1,5,1,1,1,5,5,5,1,1,2,1979-08-04,7,3,3,11,3,1,1,1,http://www.socialpsy.org/survey3.php,0,0,1
496,3,1,3,3,4,3,2,3,3,3,4,4,5,4,4,4,2,4,4,5,4,4,4,4,6,2,2,1,2,1,,,,,,,,,,,,,,,,,,,,,,,,,,,,,1,1972-06-08,8,0,6,9,2,1,1,1,,0,0,1
497,5,3,3,3,4,4,4,3,3,2,3,4,3,4,5,5,4,3,5,4,5,4,3,7,7,2,1,2,,,,,,,,,,,,,,,,,,,,,,,,,,,,,,,2,1986-11-29,6,1,1,3,1,1,1,1,,218.97.247.200,497,1
498,2,3,4,4,3,4,4,3,3,4,3,4,3,3,5,4,3,4,5,4,4,4,4,1,1,2,1,2,,,,,,,,,,,,,,,,,,,,,,,,,,,,,,,2,1986-02-10,6,2,1,3,1,1,1,1,,218.97.247.200,497,1
499,9,2,10,4,4,4,3,3,4,4,2,3,3,6,6,5,5,6,6,2,6,3,2,4,2,2,2,2,,,,,,,,,,,,,,,,,,,,,,,,,,,,,,,1,1967-09-07,,,,,,,,,,0,0,0
500,9,2,0,4,4,3,3,3,2,2,2,4,3,4,2,5,4,3,5,2,3,5,2,6,9,2,2,2,,,,,,,,,,,,,,,,,,,,,,,,,,,,,,,2,1975-10-01,6,1,6,5,6,4,1,1,,0,0,1
501,7,4,20,4,4,3,2,2,1,2,2,3,5,6,4,5,5,2,4,5,2,5,2,4,8,1,,1,4,6,3,2,3,1,1,1,2,4,3,4,2,5,2,3,4,2,4,2,2,4,1,1,1,4,3,4,4,3,1,1971-12-26,8,3,2,11,6,4,1,1,,0,0,1
502,2,3,10,3,2,3,1,3,3,3,3,4,3,2,5,4,5,5,6,3,5,4,6,2,7,2,1,1,4,6,2,9,1,1,1,1,1,2,4,5,2,2,4,2,1,1,5,1,2,5,1,1,1,5,4,5,1,1,1,1975-07-28,6,2,6,9,10,5,1,1,,0,0,1
503,9,1,0,3,3,3,3,3,3,3,2,4,5,4,5,3,5,4,5,4,4,5,5,7,7,2,2,1,4,2,1,1,,,,,1,5,5,5,3,1,5,5,5,1,5,1,1,5,5,5,5,5,5,5,4,1,2,1960-12-28,7,4,4,7,5,4,1,1,,0,0,1
504,9,2,0,3,2,2,2,3,3,3,3,3,3,3,2,3,5,5,5,4,3,4,3,4,4,2,1,1,4,3,1,12,1,1,1,1,1,5,5,5,2,1,5,5,5,1,5,1,1,5,4,1,1,5,5,5,2,1,1,1973-11-30,7,3,1,9,6,2,1,1,,0,0,1
505,4,1,0,3,4,4,4,3,3,2,2,6,5,6,6,6,5,4,5,4,5,5,5,8,8,2,2,2,,,,,,,,,,,,,,,,,,,,,,,,,,,,,,,2,1983-12-24,7,3,10,7,5,4,1,,,211.167.39.254,0,0
506,2,4,8,,,,,,,,,,,,,,,,,,,,,,,,,,,,,,,,,,,,,,,,,,,,,,,,,,,,,,,,,,,,,,,,,,,0,0,0
507,9,3,2,4,3,3,3,4,3,2,2,3,5,4,1,2,3,4,6,4,4,4,2,7,8,2,2,2,,,,,,,,,,,,,,,,,,,,,,,,,,,,,,,2,1988-09-23,4,3,10,5,4,2,1,1,,0,0,1
508,1,3,6,4,3,4,3,2,2,2,2,2,5,3,3,2,2,3,3,3,3,1,3,2,6,1,,1,3,4,1,1,,,,,1,1,1,1,2,1,1,1,1,1,2,1,1,1,1,1,1,1,1,1,1,1,,,,,,,,,,,,0,0,0
509,3,4,50,1,1,1,1,3,1,1,3,6,6,6,6,4,6,2,6,6,6,6,4,2,2,2,1,2,,,,,,,,,,,,,,,,,,,,,,,,,,,,,,,1,1977-10-15,6,2,6,10,,,,,,0,0,0
510,7,1,5,4,4,4,3,4,3,4,3,4,5,5,4,4,4,5,5,4,4,4,5,3,6,1,,1,2,6,2,9,2,1,1,1,1,5,5,5,1,1,4,2,4,2,5,2,1,5,2,1,1,5,5,5,2,2,1,1962-11-25,9,1,3,7,6,4,1,1,,0,0,1
511,7,2,20,4,3,3,3,3,4,4,4,2,5,5,6,4,5,5,4,4,4,3,5,2,2,1,,1,2,6,2,6,2,1,1,1,1,5,4,5,3,1,4,4,5,2,5,2,1,5,2,1,1,4,5,5,2,1,,,,,,,,,,,,210.73.68.117,0,0
512,2,2,4,3,4,4,4,4,4,3,4,1,5,1,2,2,2,3,3,2,3,4,4,4,8,2,1,2,,,,,,,,,,,,,,,,,,,,,,,,,,,,,,,2,1983-05-22,7,4,5,4,,,,,,218.107.159.116,512,0
513,2,2,4,3,3,4,5,4,4,2,5,1,3,1,2,2,2,3,2,2,4,2,3,1,8,2,2,2,,,,,,,,,,,,,,,,,,,,,,,,,,,,,,,2,1983-05-22,7,4,5,4,6,2,1,1,,218.107.159.116,512,1
514,2,4,4,4,3,4,4,4,3,3,2,4,5,3,4,5,4,4,3,6,3,5,5,6,8,2,1,1,3,2,1,12,1,1,1,1,4,4,4,3,4,1,4,4,5,2,5,1,1,5,2,3,3,4,4,4,2,1,2,1980-02-10,7,3,3,11,5,4,1,1,,0,0,1
515,2,4,0,2,3,4,3,4,4,3,3,4,4,4,5,5,5,5,5,4,5,4,5,2,2,2,2,2,,,,,,,,,,,,,,,,,,,,,,,,,,,,,,,2,1980-05-22,8,4,10,3,6,5,1,1,,218.107.131.130,0,1
516,7,3,80,3,3,1,1,1,2,3,3,,,,,,,,,,,,,,,,,,,,,,,,,,,,,,,,,,,,,,,,,,,,,,,,,,,,,,,,,,,0,0,0
517,7,4,,,,,,,,,,,,,,,,,,,,,,,,,,,,,,,,,,,,,,,,,,,,,,,,,,,,,,,,,,,,,,,,,,,,0,0,0
518,10,1,0,4,3,5,3,4,4,3,4,2,2,1,1,1,3,2,3,1,1,1,3,1,6,2,2,2,,,,,,,,,,,,,,,,,,,,,,,,,,,,,,,1,1984-03-21,6,3,10,3,6,,,,,0,0,0
519,2,3,4,3,3,4,4,4,3,3,3,4,5,2,1,2,4,6,5,4,3,5,4,1,3,2,1,1,2,4,1,2,2,1,1,1,2,4,5,5,2,2,5,5,3,1,5,2,1,5,1,1,2,5,5,5,4,2,1,1972-05-15,6,5,3,7,6,3,1,1,,0,0,1
520,2,3,4,4,4,2,4,4,2,4,4,2,5,2,6,2,6,6,2,5,6,3,4,4,6,2,2,2,,,,,,,,,,,,,,,,,,,,,,,,,,,,,,,1,1973-06-18,7,,,,,,,,,218.247.168.96,520,0
521,2,5,20,3,4,3,3,3,3,2,2,5,6,4,4,4,4,4,5,4,5,4,5,7,,,,,,,,,,,,,,,,,,,,,,,,,,,,,,,,,,,,,,,,,,,,,,219.238.168.66,521,0
522,2,5,20,3,3,3,3,4,3,2,2,5,6,4,3,4,4,4,6,4,5,4,5,7,3,2,1,2,,,,,,,,,,,,,,,,,,,,,,,,,,,,,,,2,1978-10-10,6,4,13,10,5,5,1,1,,219.238.168.66,521,1
523,2,3,4,4,4,4,2,4,4,4,4,2,5,2,5,2,6,5,4,4,6,3,3,4,4,2,2,,,,,,,,,,,,,,,,,,,,,,,,,,,,,,,,,,,,,,,,,,,218.247.168.96,520,0
524,2,3,4,4,4,4,2,4,4,4,4,2,5,2,5,2,6,6,3,5,6,2,4,4,4,2,2,2,,,,,,,,,,,,,,,,,,,,,,,,,,,,,,,1,1973-06-18,7,1,3,7,5,,,,,218.247.168.96,520,0
525,6,3,0,,,,,,,,,,,,,,,,,,,,,,,,,,,,,,,,,,,,,,,,,,,,,,,,,,,,,,,,,,,,,,,,,,,61.149.19.170,525,0
526,6,3,0,4,2,2,3,4,3,2,4,,,,,,,,,,,,,,,,,,,,,,,,,,,,,,,,,,,,,,,,,,,,,,,,,,,,,,,,,,,61.149.19.170,525,0
527,3,1,5,3,2,3,2,4,1,3,3,3,6,4,4,4,5,6,6,5,5,5,3,1,1,2,2,2,,,,,,,,,,,,,,,,,,,,,,,,,,,,,,,2,1952-05-30,9,3,4,10,6,2,1,1,,0,0,1
528,9,1,0,4,2,2,4,3,3,3,3,4,5,4,2,2,5,5,5,5,4,3,5,1,1,2,2,2,,,,,,,,,,,,,,,,,,,,,,,,,,,,,,,2,1984-01-01,7,3,10,9,6,3,1,1,,0,0,1
529,1,4,4,3,3,3,4,4,3,3,3,4,3,3,5,2,2,3,2,4,3,3,5,7,3,2,2,2,,,,,,,,,,,,,,,,,,,,,,,,,,,,,,,2,1982-03-19,6,2,1,9,5,3,1,1,,0,0,1
530,2,5,9,3,2,3,1,2,3,1,1,6,6,5,5,5,6,4,5,5,5,3,5,4,6,2,1,1,1,2,1,11,2,1,1,1,1,5,5,4,1,1,5,5,5,1,5,1,1,3,5,3,2,5,5,5,4,1,2,1979-03-05,8,3,4,6,2,2,1,1,,0,0,1
531,9,6,0,5,5,2,5,3,4,3,3,4,5,3,2,5,2,6,5,5,2,4,5,1,1,2,2,1,4,2,4,1,,,,,1,4,5,4,2,2,4,4,1,1,5,1,1,5,1,1,1,5,5,5,1,1,1,1949-01-17,4,2,3,6,7,2,1,1,,0,0,1
532,4,4,10,3,3,3,3,3,2,3,3,4,2,4,4,4,4,4,4,4,3,3,6,3,8,2,2,2,,,,,,,,,,,,,,,,,,,,,,,,,,,,,,,1,1984-03-22,5,1,10,1,10,3,1,1,,0,0,1
533,3,,,,,,,,,,,,,,,,,,,,,,,,,,,,,,,,,,,,,,,,,,,,,,,,,,,,,,,,,,,,,,,,,,,,,0,0,0
534,1,3,10,4,1,3,3,4,5,1,1,6,4,2,6,2,6,6,6,6,4,4,6,4,6,2,1,1,2,4,1,1,,,,,1,5,4,5,3,1,5,5,1,1,5,1,1,5,1,1,1,5,5,5,1,1,1,1984-09-24,6,4,2,5,6,4,1,1,,0,0,1
535,6,3,2,3,2,3,3,3,3,1,4,4,6,3,5,4,5,5,5,5,3,5,5,7,4,2,1,1,2,2,1,1,,,,,1,4,4,4,4,5,4,4,4,2,4,2,2,4,4,4,4,4,4,5,3,2,1,,,,,,,,,,,0,0,0
536,1,2,3,5,5,5,3,3,4,3,4,4,5,5,5,6,5,6,5,5,5,3,6,1,1,2,2,2,,,,,,,,,,,,,,,,,,,,,,,,,,,,,,,1,1974-04-29,8,2,3,9,10,5,1,1,,0,0,1
537,7,2,10,4,3,4,3,4,1,3,2,5,4,5,4,4,4,2,2,4,3,5,4,6,3,1,,1,1,6,2,1,,,,,1,3,4,4,1,2,4,5,2,2,5,1,1,5,5,2,2,5,5,5,1,2,1,1966-05-04,7,3,9,8,6,3,1,1,,0,0,1
538,2,5,8,4,4,4,3,2,2,1,2,,,,,,,,,,,,,,,,,,,,,,,,,,,,,,,,,,,,,,,,,,,,,,,,,,,,,,,,,,,0,0,0
539,11,1,2,3,4,4,4,3,3,3,3,,,,,,,,,,,,,,,,,,,,,,,,,,,,,,,,,,,,,,,,,,,,,,,,,,,,,,,,,,,0,0,0
540,1,4,0,3,2,3,2,3,2,3,2,5,4,4,4,5,5,5,4,4,4,5,4,4,6,2,1,2,,,,,,,,,,,,,,,,,,,,,,,,,,,,,,,2,1982-10-02,7,4,13,9,10,4,1,1,,0,0,1
541,1,,,,,,,,,,,,,,,,,,,,,,,,,,,,,,,,,,,,,,,,,,,,,,,,,,,,,,,,,,,,,,,,,,,,,0,0,0
542,2,2,,,,,,,,,,,,,,,,,,,,,,,,,,,,,,,,,,,,,,,,,,,,,,,,,,,,,,,,,,,,,,,,,,,,218.107.132.130,542,0
543,2,4,,,,,,,,,,,,,,,,,,,,,,,,,,,,,,,,,,,,,,,,,,,,,,,,,,,,,,,,,,,,,,,,,,,,218.107.132.130,542,0
544,2,4,2,4,4,3,3,3,3,3,3,3,3,2,4,4,4,5,3,5,4,3,1,1,4,2,2,2,,,,,,,,,,,,,,,,,,,,,,,,,,,,,,,2,1983-02-22,7,,,,,,,,,218.107.132.130,542,0
545,1,5,4,4,3,4,4,3,3,3,3,,,,,,,,,,,,,,,,,,,,,,,,,,,,,,,,,,,,,,,,,,,,,,,,,,,,,,,,,,,0,0,0
546,9,1,0,4,3,3,2,3,3,3,2,4,6,4,4,3,5,4,6,4,4,4,4,4,4,2,2,2,,,,,,,,,,,,,,,,,,,,,,,,,,,,,,,1,1976-03-08,9,3,10,6,6,3,1,1,,0,0,1
547,2,1,0,3,3,4,2,2,3,3,3,3,3,2,2,2,6,6,5,5,4,2,6,1,1,2,2,1,1,2,,,,,,,,,,,,,,,,,,,,,,,,,,,,,,,,,,,,,,,,0,0,0
548,1,1,2,2,2,2,2,3,2,1,1,5,6,5,3,5,6,5,4,6,5,6,3,4,1,2,2,1,,,,,,,,,,,,,,,,,,,,,,,,,,,,,,,,,,,,,,,,,,0,0,0
549,4,1,2,3,3,2,2,3,3,3,3,4,5,3,3,4,4,4,5,3,5,5,5,4,4,2,2,2,,,,,,,,,,,,,,,,,,,,,,,,,,,,,,,2,1980-03-27,6,5,6,10,3,1,1,1,,0,0,1
550,7,3,50,2,3,4,1,3,1,2,3,3,2,2,3,5,5,5,3,2,2,4,4,1,1,1,,1,3,6,1,1,,,,,1,4,4,5,2,2,5,5,2,1,5,1,1,5,1,1,1,5,5,5,1,1,,,,,,,,,,,,218.244.255.100,550,0
551,7,3,50,3,3,3,3,3,3,3,3,6,6,6,6,6,6,6,6,6,6,6,6,1,1,1,,1,3,6,1,1,,,,,5,5,5,5,5,5,5,5,5,5,5,5,5,5,5,5,5,5,5,5,5,5,1,1980-07-28,7,3,1,11,6,3,1,1,,218.244.255.100,550,1
552,1,4,6,3,3,3,3,3,2,2,2,5,5,4,4,4,5,6,6,2,4,5,4,1,4,2,1,1,4,2,1,1,,,,,2,4,4,4,3,2,4,4,4,2,4,2,2,4,4,4,3,4,4,4,2,2,,,,,,,,,,,,0,0,0
553,1,,,,,,,,,,,,,,,,,,,,,,,,,,,,,,,,,,,,,,,,,,,,,,,,,,,,,,,,,,,,,,,,,,,,,203.207.68.50,553,0
554,1,1,1,1,1,1,1,1,1,1,1,5,4,6,6,6,6,4,6,6,6,6,6,4,6,2,2,2,,,,,,,,,,,,,,,,,,,,,,,,,,,,,,,1,1979-10-07,8,2,6,6,2,2,1,1,,203.207.68.50,553,1
555,1,5,4,3,3,3,2,3,2,2,3,3,5,4,2,4,5,4,5,5,2,4,4,3,6,2,2,2,,,,,,,,,,,,,,,,,,,,,,,,,,,,,,,2,1982-09-17,7,1,6,3,10,4,1,1,,0,0,1
556,4,3,0,4,4,4,3,4,3,4,4,3,5,5,4,3,4,5,5,4,4,4,5,4,6,2,2,2,,,,,,,,,,,,,,,,,,,,,,,,,,,,,,,2,1980-02-08,7,1,13,7,18,5,1,1,,0,0,1
557,7,3,30,2,3,2,1,3,4,1,2,,,,,,,,,,,,,,,,,,,,,,,,,,,,,,,,,,,,,,,,,,,,,,,,,,,,,,,,,,,211.136.93.46,557,0
558,7,3,20,2,3,2,1,4,3,1,2,6,6,5,6,6,6,5,4,3,4,4,3,4,6,1,,1,3,6,3,9,2,1,1,1,2,4,4,5,5,3,2,2,5,4,5,1,1,3,1,1,1,5,4,5,4,4,1,1976-11-30,7,3,2,11,2,2,1,1,,211.136.93.46,557,1
559,1,5,4,3,3,3,3,3,4,2,3,4,5,3,4,4,5,5,5,5,5,4,5,7,8,2,2,2,,,,,,,,,,,,,,,,,,,,,,,,,,,,,,,1,1981-03-05,7,2,6,4,3,1,1,1,,0,0,1
560,1,2,2,3,3,4,3,3,3,3,2,4,5,4,3,4,5,5,5,4,4,3,3,1,4,2,2,2,,,,,,,,,,,,,,,,,,,,,,,,,,,,,,,1,1981-02-28,7,2,6,5,5,3,1,,,0,0,0
561,2,5,8,5,4,4,4,4,4,3,3,4,5,4,6,4,6,6,6,5,6,4,5,4,6,1,,1,3,3,1,1,,,,,1,5,5,5,2,1,5,3,3,1,5,1,1,5,3,5,4,5,5,5,1,1,1,1977-11-07,8,3,3,9,,,,,,0,0,0
562,2,4,5,3,3,3,3,3,4,3,4,4,3,3,5,2,4,2,3,3,2,4,2,5,5,2,2,1,1,1,,,,,,,,,,,,,,,,,,,,,,,,,,,,,2,1981-08-02,6,2,3,7,3,2,1,1,,0,0,1
563,10,1,2,3,4,3,4,5,5,4,4,2,2,2,2,3,2,2,5,2,2,2,5,,,,,,,,,,,,,,,,,,,,,,,,,,,,,,,,,,,,,,,,,,,,,,,61.149.111.8,563,0
564,10,2,0,3,3,3,4,4,4,4,4,2,2,2,2,4,2,2,3,2,2,5,4,8,8,2,1,1,3,3,1,1,,,,,1,4,4,5,1,1,5,5,5,1,5,1,1,1,1,1,1,5,5,5,1,1,1,1978-07-14,5,3,6,2,18,5,1,,,61.149.111.8,563,0
565,1,5,0,2,3,2,2,2,2,2,2,3,3,5,3,3,3,3,3,3,3,3,5,5,8,2,2,2,,,,,,,,,,,,,,,,,,,,,,,,,,,,,,,2,1981-12-08,7,3,10,7,7,2,1,1,,0,0,1
566,2,5,10,4,2,3,3,4,4,3,3,3,5,4,3,5,3,5,5,3,4,3,4,1,2,2,2,1,2,1,,,,,,,,,,,,,,,,,,,,,,,,,,,,,1,1976-01-01,7,0,2,12,5,5,1,1,,0,0,1
567,4,5,8,,,,,,,,,,,,,,,,,,,,,,,,,,,,,,,,,,,,,,,,,,,,,,,,,,,,,,,,,,,,,,,,,,,61.149.146.82,567,0
568,4,5,9,3,2,2,2,2,2,2,2,5,5,4,5,4,5,4,6,5,4,4,5,4,10,2,2,2,,,,,,,,,,,,,,,,,,,,,,,,,,,,,,,2,1973-05-26,6,2,6,6,5,4,,,,61.149.146.82,567,0
569,1,3,8,3,3,2,4,4,4,3,3,5,6,6,6,3,5,5,5,5,4,4,6,,,,,,,,,,,,,,,,,,,,,,,,,,,,,,,,,,,,,,,,,,,,,,,61.149.253.59,0,0
570,1,3,6,4,4,3,3,2,4,3,4,5,6,4,6,5,5,6,5,5,4,5,6,2,4,2,1,1,2,2,1,1,,,,,4,5,5,5,4,1,5,5,5,1,5,1,1,1,1,3,1,5,5,5,1,1,1,1975-07-11,6,4,2,9,5,3,1,1,,61.149.253.59,0,1
571,2,3,10,1,2,2,2,3,2,2,2,4,5,5,2,5,5,5,6,4,4,4,5,1,1,2,2,2,,,,,,,,,,,,,,,,,,,,,,,,,,,,,,,2,1970-03-13,6,4,5,5,5,5,1,1,,0,0,1
572,2,1,0,3,4,4,4,3,2,3,3,,,,,,,,,,,,,,,,,,,,,,,,,,,,,,,,,,,,,,,,,,,,,,,,,,,,,,,,,,,0,0,0
573,4,3,6,3,2,3,1,3,3,2,1,6,4,4,6,6,6,6,6,4,3,5,5,1,1,2,2,1,4,4,3,9,2,1,1,1,4,2,5,5,1,4,4,4,5,2,5,4,1,4,1,1,1,4,5,5,4,4,1,1972-02-28,6,2,1,9,8,4,1,1,,0,0,1
574,4,1,,,,,,,,,,,,,,,,,,,,,,,,,,,,,,,,,,,,,,,,,,,,,,,,,,,,,,,,,,,,,,,,,,,,0,0,0
575,11,1,2,4,3,3,3,2,3,1,3,4,6,3,2,6,6,6,6,4,4,5,5,9,6,2,2,2,,,,,,,,,,,,,,,,,,,,,,,,,,,,,,,2,1965-04-30,6,3,3,7,15,5,1,,,0,0,0
576,10,7,100,1,1,1,1,1,1,1,1,6,6,6,6,6,6,6,6,6,6,6,6,2,3,2,2,2,,,,,,,,,,,,,,,,,,,,,,,,,,,,,,,1,1000-10-10,7,1,6,12,18,5,,,,0,0,0
577,8,3,5,4,2,3,2,3,4,2,2,3,6,4,5,2,5,5,3,5,5,2,6,4,6,2,2,1,2,4,2,11,1,1,1,1,2,2,4,4,2,1,4,3,4,4,4,1,1,3,4,1,1,4,4,3,4,4,1,1971-06-16,6,2,3,6,,,,,,61.149.30.179,577,0
578,8,3,5,4,2,3,2,3,4,2,3,4,5,4,5,2,5,5,2,5,5,2,6,4,6,2,2,1,2,5,2,11,1,1,1,1,3,2,4,3,2,1,4,3,4,4,4,1,2,4,4,1,1,4,4,3,4,4,1,1971-06-16,6,2,3,8,5,3,1,1,,61.149.30.179,577,1
579,7,5,20,2,1,2,1,1,1,2,3,5,6,6,6,6,6,6,6,6,6,6,6,4,2,1,,1,3,5,2,1,,,,,2,4,5,5,2,1,5,2,2,2,5,2,1,5,2,2,2,5,5,5,2,2,1,1979-09-02,6,3,3,7,5,4,1,1,,0,0,1
580,4,4,6,3,2,4,2,2,2,3,3,4,5,3,5,4,5,5,5,5,5,4,4,1,,,,,,,,,,,,,,,,,,,,,,,,,,,,,,,,,,,,,,,,,,,,,,0,0,0
581,9,2,0,3,4,5,4,5,4,3,4,3,5,2,5,6,5,6,6,4,4,2,3,1,1,2,2,2,,,,,,,,,,,,,,,,,,,,,,,,,,,,,,,2,1987-03-20,4,4,10,8,5,3,1,1,,0,0,1
582,10,3,3,3,3,3,4,4,2,1,3,,,,,,,,,,,,,,,,,,,,,,,,,,,,,,,,,,,,,,,,,,,,,,,,,,,,,,,,,,,0,0,0
583,9,1,,,,,,,,,,,,,,,,,,,,,,,,,,,,,,,,,,,,,,,,,,,,,,,,,,,,,,,,,,,,,,,,,,,,0,0,0
584,2,5,4,2,2,1,2,2,2,2,2,3,3,2,3,3,2,1,2,1,3,2,3,3,4,2,2,2,,,,,,,,,,,,,,,,,,,,,,,,,,,,,,,1,1980-02-09,7,0,3,7,2,1,1,1,,0,0,1
585,9,1,0,4,4,4,4,4,4,4,5,,,,,,,,,,,,,,,,,,,,,,,,,,,,,,,,,,,,,,,,,,,,,,,,,,,,,,,,,,,0,0,0
586,2,5,7,3,3,2,2,3,3,3,3,2,3,2,6,4,6,6,3,5,5,3,5,1,4,1,,2,,,,,,,,,,,,,,,,,,,,,,,,,,,,,,,2,1981-12-10,6,3,6,5,5,3,1,1,,0,0,1
587,2,2,5,4,4,3,2,2,2,1,1,5,6,2,2,2,5,5,4,5,5,5,2,1,6,2,1,1,1,1,,,,,,,,,,,,,,,,,,,,,,,,,,,,,1,1979-12-08,8,2,10,10,6,2,1,1,,0,0,1
588,9,2,1,4,4,3,4,4,2,3,3,4,5,2,2,1,3,4,3,3,3,2,2,8,2,2,2,2,,,,,,,,,,,,,,,,,,,,,,,,,,,,,,,,,,,,,,,,,,0,0,0
589,5,4,8,3,4,3,2,2,3,1,1,5,6,5,6,6,6,6,6,6,3,3,4,8,4,2,2,2,,,,,,,,,,,,,,,,,,,,,,,,,,,,,,,1,1980-05-24,7,4,3,8,5,5,1,1,,0,0,1
590,2,,,,,,,,,,,,,,,,,,,,,,,,,,,,,,,,,,,,,,,,,,,,,,,,,,,,,,,,,,,,,,,,,,,,,0,0,0
591,1,3,4,3,3,3,4,3,4,2,4,4,5,4,3,3,5,5,4,2,4,3,4,7,8,2,2,1,2,2,1,1,,,,,1,5,5,5,1,1,5,4,5,1,5,1,1,5,1,1,1,1,1,1,5,5,2,1956-10-18,7,4,2,7,6,2,1,1,,0,0,1
592,4,3,2,,,,,,,,,,,,,,,,,,,,,,,,,,,,,,,,,,,,,,,,,,,,,,,,,,,,,,,,,,,,,,,,,,,61.48.28.68,592,0
593,4,3,2,1,1,1,1,1,3,2,2,6,5,3,6,3,4,6,6,6,2,2,4,1,2,2,2,2,,,,,,,,,,,,,,,,,,,,,,,,,,,,,,,1,1977-05-12,7,3,3,10,2,1,1,1,,61.48.28.68,592,1
594,2,5,3,2,1,2,2,3,3,1,1,5,6,6,4,4,6,3,5,6,5,6,6,4,6,1,,2,,,,,,,,,,,,,,,,,,,,,,,,,,,,,,,2,1975-12-14,9,2,10,7,13,5,1,1,http://www.socialpsy.org/survey3.php,0,0,1
595,1,5,3,4,3,3,3,4,5,3,3,5,5,5,3,4,5,6,4,3,5,4,5,3,4,2,1,2,,,,,,,,,,,,,,,,,,,,,,,,,,,,,,,2,1965-04-29,6,3,2,9,5,2,1,1,,0,0,1
596,7,1,50,3,3,2,3,2,2,2,2,5,5,4,6,5,4,5,6,4,4,5,5,1,4,1,,2,,,,,,,,,,,,,,,,,,,,,,,,,,,,,,,1,1976-03-06,6,6,2,8,7,3,1,1,,0,0,1
597,1,2,2,4,4,4,4,5,4,5,5,2,3,3,2,2,2,2,3,3,3,3,2,1,3,2,2,2,,,,,,,,,,,,,,,,,,,,,,,,,,,,,,,2,1988-07-17,4,3,10,12,14,3,1,1,,0,0,1
598,2,1,4,4,4,4,3,4,3,4,5,4,4,4,4,4,4,4,4,4,4,4,4,1,1,1,,2,,,,,,,,,,,,,,,,,,,,,,,,,,,,,,,1,1985-06-28,7,5,10,11,3,3,1,1,,0,0,1
599,2,4,7,4,3,3,4,4,5,2,3,4,6,2,4,2,5,5,6,6,3,2,6,4,6,1,,2,,,,,,,,,,,,,,,,,,,,,,,,,,,,,,,1,1978-10-01,6,5,1,6,7,3,1,1,,0,0,1
600,9,4,2,3,3,3,4,3,4,1,2,4,6,2,2,2,3,5,6,6,3,3,3,5,8,2,1,2,,,,,,,,,,,,,,,,,,,,,,,,,,,,,,,1,1979-02-08,8,5,2,10,6,4,,,,0,0,0
601,7,1,15,2,1,1,1,1,1,1,2,5,6,6,6,6,5,6,5,6,5,4,6,1,8,1,,1,3,6,3,11,2,1,1,1,4,4,4,4,4,4,4,2,5,4,4,1,4,4,2,4,2,5,4,4,5,5,2,1977-08-13,4,7,13,6,7,2,1,,,0,0,0
602,2,5,4,1,1,1,1,1,3,2,3,4,6,6,6,6,6,4,6,6,4,5,6,4,6,1,,1,4,2,2,2,1,1,1,1,1,5,4,4,2,1,5,3,5,2,5,1,1,5,3,1,1,5,5,5,3,3,1,1977-05-25,7,2,13,10,10,5,1,1,,0,0,1
603,1,4,0,2,2,3,3,4,4,1,2,3,5,3,4,2,4,5,5,4,3,5,5,2,6,2,2,1,1,2,1,1,,,,,2,4,3,4,3,3,3,4,2,2,3,2,3,4,3,3,3,4,4,4,3,2,1,1974-04-04,7,3,11,,,,,,,61.49.254.98,603,0
604,1,4,0,2,3,3,2,4,3,2,3,4,5,4,4,4,5,5,5,5,5,4,5,1,6,2,2,1,1,2,1,1,,,,,2,4,4,4,3,2,3,4,4,2,4,2,2,4,3,3,3,4,4,4,3,2,1,1974-04-04,7,3,3,6,7,3,1,1,,61.49.254.98,603,1
605,10,1,2,3,3,3,3,3,3,3,3,,,,,,,,,,,,,,,,,,,,,,,,,,,,,,,,,,,,,,,,,,,,,,,,,,,,,,,,,,,0,0,0
606,2,,,,,,,,,,,,,,,,,,,,,,,,,,,,,,,,,,,,,,,,,,,,,,,,,,,,,,,,,,,,,,,,,,,,,0,0,0
607,1,5,0,3,3,3,3,3,3,3,3,4,4,4,4,4,4,4,4,4,4,4,4,4,2,2,2,1,1,4,1,1,,,,,4,4,4,4,4,4,4,4,4,4,4,4,4,4,4,4,4,4,4,4,4,4,1,1985-06-26,5,4,3,10,5,4,1,,,0,0,0
608,9,,,,,,,,,,,,,,,,,,,,,,,,,,,,,,,,,,,,,,,,,,,,,,,,,,,,,,,,,,,,,,,,,,,,,61.48.162.69,608,0
609,2,4,3,4,4,3,4,2,3,3,3,4,5,4,4,3,5,3,6,5,4,4,5,1,4,2,2,2,,,,,,,,,,,,,,,,,,,,,,,,,,,,,,,2,1982-10-19,7,3,10,5,4,1,1,1,,61.48.162.69,608,1
610,2,3,6,3,3,4,4,4,4,4,4,2,5,2,4,2,5,2,2,2,5,2,2,2,2,2,1,1,1,2,1,1,,,,,1,5,5,4,3,2,4,5,1,1,4,2,1,4,1,4,1,4,4,4,2,2,,,,,,,,,,,,0,0,0
611,7,1,0,3,3,3,3,3,3,3,3,4,5,4,5,4,3,5,3,4,3,4,3,1,6,2,1,2,,,,,,,,,,,,,,,,,,,,,,,,,,,,,,,2,1956-02-22,6,3,3,9,6,3,1,1,,0,0,1
612,11,1,0,3,3,4,4,4,4,3,2,4,5,3,2,3,4,6,5,4,5,5,2,1,1,2,1,1,4,6,4,1,,,,,1,1,2,3,2,1,5,5,3,1,4,2,1,3,1,1,1,5,5,4,2,2,1,1963-12-05,6,2,2,8,5,3,1,,,0,0,0
613,9,1,0,4,3,3,4,3,4,3,3,,,,,,,,,,,,,,,,,,,,,,,,,,,,,,,,,,,,,,,,,,,,,,,,,,,,,,,,,,,0,0,0
614,7,,,,,,,,,,,,,,,,,,,,,,,,,,,,,,,,,,,,,,,,,,,,,,,,,,,,,,,,,,,,,,,,,,,,,0,0,0
615,6,4,0,4,2,2,1,3,3,3,3,4,4,3,2,4,6,6,5,4,3,4,5,1,2,2,2,2,,,,,,,,,,,,,,,,,,,,,,,,,,,,,,,1,1945-09-22,9,,,,,,,,,0,0,0
616,7,2,10,2,2,2,1,1,1,1,1,5,5,6,6,6,6,6,5,5,6,6,6,8,6,1,,1,4,5,2,7,2,1,1,1,2,4,4,4,1,1,5,2,5,1,5,1,1,4,4,1,1,4,5,4,1,2,1,1951-11-15,7,4,3,11,13,5,1,1,,0,0,1
617,1,5,,,,,,,,,,,,,,,,,,,,,,,,,,,,,,,,,,,,,,,,,,,,,,,,,,,,,,,,,,,,,,,,,,,,61.148.193.68,617,0
618,1,5,4,4,4,3,4,4,4,3,4,3,3,3,5,5,4,5,5,5,5,4,5,3,4,2,2,2,,,,,,,,,,,,,,,,,,,,,,,,,,,,,,,1,1944-01-07,5,3,12,3,7,2,,,,61.148.193.68,617,0
619,2,3,2,3,3,4,4,4,4,3,3,2,2,2,1,3,4,4,4,5,4,2,2,3,4,2,2,2,,,,,,,,,,,,,,,,,,,,,,,,,,,,,,,2,1986-03-04,7,4,10,2,5,3,1,1,,0,0,1
620,2,5,3,1,1,1,1,1,1,1,1,,,,,,,,,,,,,,,,,,,,,,,,,,,,,,,,,,,,,,,,,,,,,,,,,,,,,,,,,,,219.232.52.98,620,0
621,2,5,3,1,1,1,1,1,1,1,1,6,6,6,6,6,6,6,6,6,6,6,6,6,4,2,2,1,2,2,1,2,1,1,1,1,,,,,,,,,,,,,,,,,,,,,,,,,,,,,,,,,,219.232.52.98,620,0
622,3,2,20,4,3,3,3,3,3,3,3,,,,,,,,,,,,,,,,,,,,,,,,,,,,,,,,,,,,,,,,,,,,,,,,,,,,,,,,,,,0,0,0
623,2,4,4,4,3,4,1,1,3,3,3,,,,,,,,,,,,,,,,,,,,,,,,,,,,,,,,,,,,,,,,,,,,,,,,,,,,,,,,,,,0,0,0
624,7,2,20,3,2,2,1,1,1,3,1,5,6,5,4,4,6,5,4,5,5,4,4,3,4,2,1,1,4,6,4,1,,,,,1,4,3,4,3,1,4,5,2,3,1,1,1,4,5,5,5,1,1,2,3,3,1,1956-12-26,7,3,2,11,6,5,1,1,,0,0,1
625,1,4,6,2,2,2,2,3,3,2,2,5,5,5,6,3,3,5,4,4,4,4,2,1,4,2,2,2,,,,,,,,,,,,,,,,,,,,,,,,,,,,,,,1,1978-11-11,6,4,2,4,4,2,1,1,,0,0,1
626,2,3,5,3,3,3,3,3,3,3,3,4,4,4,4,4,4,4,4,4,4,4,4,4,6,2,2,2,,,,,,,,,,,,,,,,,,,,,,,,,,,,,,,2,1983-05-06,7,3,10,6,5,3,1,1,,0,0,1
627,1,5,5,4,3,3,3,4,3,1,2,5,5,5,2,4,4,5,5,3,4,3,5,1,1,2,2,2,,,,,,,,,,,,,,,,,,,,,,,,,,,,,,,1,1964-03-26,7,3,3,6,4,1,1,1,,0,0,1
628,1,7,,,,,,,,,,,,,,,,,,,,,,,,,,,,,,,,,,,,,,,,,,,,,,,,,,,,,,,,,,,,,,,,,,,,0,0,0
629,1,6,15,3,3,3,3,2,3,2,2,3,4,3,5,1,2,3,5,6,2,2,4,8,6,2,2,2,,,,,,,,,,,,,,,,,,,,,,,,,,,,,,,1,1986-07-14,7,4,10,6,7,5,1,1,,0,0,1
630,7,4,10,2,3,3,3,3,3,3,3,,,,,,,,,,,,,,,,,,,,,,,,,,,,,,,,,,,,,,,,,,,,,,,,,,,,,,,,,,,0,0,0
631,2,5,4,3,3,3,2,3,3,2,3,5,5,6,6,4,5,5,6,4,4,5,5,4,6,1,,1,2,3,1,1,,,,,1,4,5,4,2,1,5,4,2,2,4,1,1,4,4,2,2,5,5,5,2,1,2,1984-08-24,7,3,10,7,6,4,1,1,,0,0,1
632,7,2,20,5,3,4,3,3,3,1,1,6,6,5,6,4,5,3,6,4,2,4,5,4,6,1,,1,1,6,2,9,1,1,1,1,1,1,1,1,5,3,2,5,5,4,4,1,1,4,1,1,2,4,5,4,5,5,1,1981-08-19,7,2,13,11,5,4,1,1,,0,0,1
633,4,1,6,3,3,4,3,4,4,2,2,4,4,5,5,5,5,4,4,4,3,2,5,7,9,2,2,2,,,,,,,,,,,,,,,,,,,,,,,,,,,,,,,2,1983-06-14,5,3,6,4,5,4,1,,,219.238.227.162,633,0
634,4,1,3,3,2,3,3,3,4,2,2,5,5,5,4,2,2,4,4,4,3,4,5,8,9,2,2,2,,,,,,,,,,,,,,,,,,,,,,,,,,,,,,,2,1983-06-14,5,3,6,4,5,4,1,1,,219.238.227.162,633,1
635,1,4,2,4,4,4,3,4,3,3,5,2,6,3,4,3,4,3,6,4,5,3,5,1,2,1,,2,,,,,,,,,,,,,,,,,,,,,,,,,,,,,,,1,1983-12-05,7,5,6,8,6,5,1,1,,0,0,1
636,2,1,2,3,3,3,3,3,3,3,3,4,4,4,5,3,5,6,5,5,5,5,6,4,6,2,2,1,4,3,1,1,,,,,1,5,5,5,3,2,4,5,3,1,4,1,1,4,4,4,2,5,5,5,3,1,2,1967-03-13,6,3,3,6,6,5,1,1,,0,0,1
637,7,1,0,2,1,3,3,4,3,1,1,5,6,5,5,4,5,4,6,5,2,4,5,7,6,1,,1,2,4,2,11,1,1,1,1,1,2,5,5,1,2,5,4,4,2,5,1,1,5,4,4,4,5,5,5,2,1,2,1969-04-11,8,4,4,10,6,4,1,1,,0,0,1
638,1,1,2,4,4,4,4,4,4,4,4,,,,,,,,,,,,,,,,,,,,,,,,,,,,,,,,,,,,,,,,,,,,,,,,,,,,,,,,,,http://www.socialpsy.org/survey3.php,211.167.202.11,638,0
639,3,,,,,,,,,,,,,,,,,,,,,,,,,,,,,,,,,,,,,,,,,,,,,,,,,,,,,,,,,,,,,,,,,,,,http://www.socialpsy.org/survey3.php,211.167.202.11,638,0
640,1,2,2,4,4,4,4,4,4,4,4,4,4,4,4,4,4,4,4,4,4,4,4,1,3,1,,2,,,,,,,,,,,,,,,,,,,,,,,,,,,,,,,1,1985-05-30,6,3,10,8,6,2,1,1,http://www.socialpsy.org/survey3.php,211.167.202.11,638,1
641,1,1,2,4,4,4,4,4,4,4,4,4,4,4,4,4,4,4,4,4,4,4,4,2,1,2,2,2,,,,,,,,,,,,,,,,,,,,,,,,,,,,,,,1,1985-05-30,6,3,10,8,6,2,1,1,http://www.socialpsy.org/survey3.php,211.167.202.11,638,1
642,2,5,6,5,4,4,3,3,4,3,2,5,4,4,5,5,4,5,5,4,3,4,5,,,,,,,,,,,,,,,,,,,,,,,,,,,,,,,,,,,,,,,,,,,,,,,0,0,0
643,1,5,2,4,3,3,3,3,3,2,3,4,5,2,1,4,4,5,5,2,4,3,4,1,6,2,2,2,,,,,,,,,,,,,,,,,,,,,,,,,,,,,,,2,,,,,,,,,,,0,0,0
644,9,4,0,4,4,3,3,3,3,4,3,3,4,3,5,4,3,4,5,2,4,3,4,2,6,2,2,1,4,2,2,3,1,1,1,1,1,4,4,3,4,1,5,3,3,1,5,1,1,5,2,1,1,5,5,5,3,1,1,1950-03-04,7,3,2,9,6,2,1,1,,0,0,1
645,2,4,4,3,5,3,3,4,4,4,4,3,2,3,2,2,5,6,4,3,5,3,5,1,1,2,1,2,,,,,,,,,,,,,,,,,,,,,,,,,,,,,,,1,1980-01-01,6,2,3,5,3,2,1,1,,0,0,1
646,7,3,10,3,2,1,1,2,3,2,3,5,6,6,6,4,6,4,4,6,4,4,6,4,6,1,,1,2,6,4,2,2,1,1,1,2,4,4,4,4,2,4,5,5,2,5,2,2,4,2,1,1,5,5,5,5,2,1,1979-01-28,7,2,3,11,7,3,1,1,,0,0,1
647,1,5,8,3,2,3,2,2,3,2,1,5,5,3,6,6,5,5,6,5,5,4,5,2,6,2,2,1,3,2,1,1,,,,,1,2,5,4,2,2,5,5,5,3,3,2,2,4,5,5,5,5,4,5,4,2,2,1979-09-08,7,3,3,9,2,1,1,1,,0,0,1
648,3,1,20,3,3,3,3,3,3,3,4,,,,,,,,,,,,,,,,,,,,,,,,,,,,,,,,,,,,,,,,,,,,,,,,,,,,,,,,,,,0,0,0
649,7,2,,,,,,,,,,,,,,,,,,,,,,,,,,,,,,,,,,,,,,,,,,,,,,,,,,,,,,,,,,,,,,,,,,,,0,0,0
650,2,3,2,4,4,4,3,3,3,2,2,5,5,4,5,4,4,4,5,4,4,4,4,8,8,,,,,,,,,,,,,,,,,,,,,,,,,,,,,,,,,,,,,,,,,,,,,0,0,0
651,9,2,10,2,2,2,1,2,3,2,2,3,6,6,5,5,5,3,4,5,4,5,5,7,8,1,,1,3,4,2,3,2,1,1,1,,,,,,,,,,,,,,,,,,,,,,,,,,,,,,,,,http://www.socialpsy.org/survey3.php,0,0,0
652,3,1,15,3,2,2,2,2,2,2,2,5,5,5,6,4,6,5,5,6,5,5,4,2,2,2,1,1,4,5,2,11,2,1,1,1,1,3,4,4,1,4,4,4,5,2,5,1,1,5,3,2,1,5,5,5,2,1,2,1972-04-19,7,2,6,11,6,2,1,1,,218.249.13.194,0,1
653,2,4,2,1,1,2,2,2,2,2,2,,,,,,,,,,,,,,,,,,,,,,,,,,,,,,,,,,,,,,,,,,,,,,,,,,,,,,,,,,,0,0,0
654,7,3,5,3,2,3,2,2,2,2,2,5,5,5,5,4,6,3,5,6,4,5,3,4,6,1,,2,,,,,,,,,,,,,,,,,,,,,,,,,,,,,,,2,1970-01-01,7,2,1,10,6,2,1,1,http://www.socialpsy.org/survey3.php,0,0,1
655,1,3,0,4,4,4,4,4,4,3,4,3,5,3,3,3,4,3,4,3,4,3,4,7,8,1,,2,,,,,,,,,,,,,,,,,,,,,,,,,,,,,,,2,1990-09-30,3,3,10,8,2,1,1,1,,0,0,1
656,1,1,1,3,3,2,2,3,4,4,3,4,4,4,4,4,5,5,5,5,5,4,4,1,1,2,2,2,,,,,,,,,,,,,,,,,,,,,,,,,,,,,,,2,1984-06-30,7,8,10,5,6,2,1,1,,218.249.13.194,0,1
657,4,3,8,3,3,3,2,2,3,3,3,4,5,4,4,4,5,5,5,4,5,5,4,4,6,2,2,2,,,,,,,,,,,,,,,,,,,,,,,,,,,,,,,2,1974-06-04,8,1,3,7,8,5,1,1,,203.207.68.50,0,1
658,1,3,8,3,2,2,1,3,1,3,2,6,5,6,5,6,5,4,4,4,5,5,5,4,4,2,2,2,,,,,,,,,,,,,,,,,,,,,,,,,,,,,,,1,1977-08-18,7,2,3,8,2,1,1,1,,0,0,1
659,7,3,200,1,1,2,1,1,1,1,1,6,6,4,6,3,6,1,4,6,5,5,2,4,4,1,,1,2,6,3,5,3,2,1,1,1,4,5,5,3,2,5,5,5,2,5,1,1,4,1,1,1,5,4,5,2,2,1,1968-01-01,7,3,2,11,6,3,1,1,http://www.socialpsy.org/survey3.php,0,0,1
660,7,3,40,1,1,2,1,2,2,3,3,4,5,5,2,5,6,3,5,6,5,5,6,4,4,1,,1,3,6,2,1,,,,,1,2,5,5,5,2,5,5,2,1,5,4,1,4,1,1,1,5,5,5,4,4,2,1969-01-01,9,3,4,10,6,3,1,1,,0,0,1
661,2,2,4,4,4,4,2,3,3,3,3,4,5,2,3,4,5,4,4,4,5,4,4,4,1,2,,,,,,,,,,,,,,,,,,,,,,,,,,,,,,,,,,,,,,,,,,,,0,0,0
662,4,2,3,3,2,3,3,3,3,3,3,4,4,4,6,4,5,4,5,5,4,4,6,4,6,2,2,1,1,3,1,1,,,,,,,,,,,,,,,,,,,,,,,,,,,,,,,,,,,,,,0,0,0
663,1,1,3,4,4,4,3,4,3,3,3,2,3,2,4,3,3,3,3,3,3,3,3,1,2,2,2,2,,,,,,,,,,,,,,,,,,,,,,,,,,,,,,,1,1986-01-19,7,5,10,12,11,5,1,1,,0,0,1
664,2,6,9,4,3,4,3,4,3,3,4,4,5,2,6,4,4,4,5,5,4,4,6,8,8,2,1,1,2,4,1,11,1,1,1,1,1,2,5,5,1,2,4,4,3,1,5,1,1,5,5,2,1,5,5,5,2,1,2,1978-01-10,7,2,1,,,,,,,0,0,0
665,2,2,4,4,4,4,3,2,3,2,2,,,,,,,,,,,,,,,,,,,,,,,,,,,,,,,,,,,,,,,,,,,,,,,,,,,,,,,,,,,0,0,0
666,1,3,2,4,4,4,3,3,3,3,3,3,5,3,3,4,5,5,5,4,4,5,5,1,6,2,2,2,,,,,,,,,,,,,,,,,,,,,,,,,,,,,,,2,1981-04-04,7,2,6,8,4,1,1,1,,0,0,1
667,1,6,4,4,3,3,3,3,4,4,3,5,2,1,2,1,6,6,5,2,5,4,6,2,2,2,2,2,,,,,,,,,,,,,,,,,,,,,,,,,,,,,,,2,1983-08-22,7,3,10,4,11,5,1,1,,0,0,1
668,2,1,2,,,,,,,,,,,,,,,,,,,,,,,,,,,,,,,,,,,,,,,,,,,,,,,,,,,,,,,,,,,,,,,,,,,0,0,0
669,9,2,,,,,,,,,,,,,,,,,,,,,,,,,,,,,,,,,,,,,,,,,,,,,,,,,,,,,,,,,,,,,,,,,,,,0,0,0
670,2,5,6,2,2,2,3,3,1,3,3,6,6,6,6,6,6,6,6,6,5,6,5,8,3,1,,1,4,5,2,1,,,,,1,5,5,5,1,1,5,5,5,1,5,1,1,5,5,1,1,5,5,5,2,2,2,1961-10-08,6,3,3,9,6,5,1,,,0,0,0
671,10,2,5,4,4,4,2,4,4,3,4,4,4,4,4,4,6,5,5,5,4,4,6,1,1,2,2,2,,,,,,,,,,,,,,,,,,,,,,,,,,,,,,,1,1979-03-07,7,3,5,10,5,4,1,1,,0,0,1
672,4,5,8,1,1,1,2,2,2,1,1,5,5,4,4,2,6,5,5,5,4,3,4,9,6,2,2,2,,,,,,,,,,,,,,,,,,,,,,,,,,,,,,,2,1982-10-21,7,3,10,3,6,3,1,1,http://www.socialpsy.org/survey3.php,0,0,1
673,10,2,2,3,2,3,3,3,4,2,4,4,5,5,4,4,5,5,5,5,2,4,4,8,4,2,2,2,,,,,,,,,,,,,,,,,,,,,,,,,,,,,,,1,1977-10-01,8,2,3,10,3,2,1,1,,0,0,1
674,2,,,,,,,,,,,,,,,,,,,,,,,,,,,,,,,,,,,,,,,,,,,,,,,,,,,,,,,,,,,,,,,,,,,,,0,0,0
675,2,7,,,,,,,,,,,,,,,,,,,,,,,,,,,,,,,,,,,,,,,,,,,,,,,,,,,,,,,,,,,,,,,,,,,http://www.socialpsy.org/survey3.php,0,0,0
676,1,2,35,2,2,3,2,2,2,2,2,6,6,6,6,6,6,6,6,6,6,6,6,1,3,2,2,2,,,,,,,,,,,,,,,,,,,,,,,,,,,,,,,,,,,,,,,,,http://www.socialpsy.org/survey3.php,0,0,0
677,,,,,,,,,,,,,,,,,,,,,,,,,,,,,,,,,,,,,,,,,,,,,,,,,,,,,,,,,,,,,,,,,,,,,http://www.socialpsy.org/survey3.php,0,677,0
678,2,4,1,3,4,3,1,3,3,1,2,5,6,6,6,3,6,4,5,4,4,3,4,4,6,2,2,2,,,,,,,,,,,,,,,,,,,,,,,,,,,,,,,1,1986-10-06,7,0,10,2,6,,,,http://www.socialpsy.org/survey3.php,218.107.132.158,677,0
679,4,3,3,2,2,2,2,2,3,1,2,5,5,5,4,3,5,6,4,5,6,6,3,1,,,,,,,,,,,,,,,,,,,,,,,,,,,,,,,,,,,,,,,,,,,,,http://www.google.com/search?sourceid=navclient&hl=zh-CN&ie=UTF-8&rls=GGLD,GGLD:2004-51,GGLD:zh-CN&q=omni3w,0,0,0
